month,wea,density,constraint
April,OCS-A 0486,0.008729501664638518,0km
August,OCS-A 0486,2.763402760028839e-4,0km
December,OCS-A 0486,0.0044013625681400305,0km
February,OCS-A 0486,0.009994387984275818,0km
January,OCS-A 0486,0.007529464602470398,0km
July,OCS-A 0486,2.963775191456079e-4,0km
June,OCS-A 0486,7.459559291601181e-4,0km
March,OCS-A 0486,0.010805429577827454,0km
May,OCS-A 0486,0.0035800693929195406,0km
November,OCS-A 0486,0.0013684507906436922,0km
October,OCS-A 0486,7.87546657025814e-4,0km
September,OCS-A 0486,4.391103610396385e-4,0km
April,OCS-A 0486,0.009813671827316284,10km
August,OCS-A 0486,3.186449408531189e-4,10km
December,OCS-A 0486,0.005034131288528442,10km
February,OCS-A 0486,0.010726283788681033,10km
January,OCS-A 0486,0.008349845290184024,10km
July,OCS-A 0486,3.468688726425171e-4,10km
June,OCS-A 0486,8.775885403156282e-4,10km
March,OCS-A 0486,0.010996843576431275,10km
May,OCS-A 0486,0.004349113166332245,10km
November,OCS-A 0486,0.0015113632678985598,10km
October,OCS-A 0486,9.561006873846055e-4,10km
September,OCS-A 0486,5.009425282478332e-4,10km
April,OCS-A 0486,0.008313794314861298,40km
August,OCS-A 0486,2.844382114708424e-4,40km
December,OCS-A 0486,0.004210466802120208,40km
February,OCS-A 0486,0.009239738941192628,40km
January,OCS-A 0486,0.007338919162750245,40km
July,OCS-A 0486,3.261082209646702e-4,40km
June,OCS-A 0486,7.644051536917687e-4,40km
March,OCS-A 0486,0.00942168402671814,40km
May,OCS-A 0486,0.004105431407690051,40km
November,OCS-A 0486,0.0013098765164613725,40km
October,OCS-A 0486,8.330672830343248e-4,40km
September,OCS-A 0486,4.426590241491795e-4,40km
April,OCS-A 0486,0.0043334742188453675,Southern New England
August,OCS-A 0486,1.9587413035333174e-4,Southern New England
December,OCS-A 0486,0.0013812251687049873,Southern New England
February,OCS-A 0486,0.004139666587114335,Southern New England
January,OCS-A 0486,0.0027349060475826263,Southern New England
July,OCS-A 0486,2.3316309042274968e-4,Southern New England
June,OCS-A 0486,5.562870614230634e-4,Southern New England
March,OCS-A 0486,0.00410447520017624,Southern New England
May,OCS-A 0486,0.0023887877315282827,Southern New England
November,OCS-A 0486,6.825875267386437e-4,Southern New England
October,OCS-A 0486,4.1680622473359115e-4,Southern New England
September,OCS-A 0486,2.825609035789968e-4,Southern New England
April,OCS-A 0486,6.251534968614585e-4,Coastwide
August,OCS-A 0486,2.5694259908050318e-5,Coastwide
December,OCS-A 0486,3.850823715329172e-4,Coastwide
February,OCS-A 0486,8.360975086688999e-4,Coastwide
January,OCS-A 0486,7.37328350543976e-4,Coastwide
July,OCS-A 0486,1.853387132287029e-4,Coastwide
June,OCS-A 0486,2.2799034789204725e-4,Coastwide
March,OCS-A 0486,6.92447423934939e-4,Coastwide
May,OCS-A 0486,4.708900526165964e-4,Coastwide
November,OCS-A 0486,1.6587531939148923e-4,Coastwide
October,OCS-A 0486,8.842982351779945e-5,Coastwide
September,OCS-A 0486,2.8367161750793496e-5,Coastwide
April,OCS-A 0517,0.00691553509235382,0km
August,OCS-A 0517,2.0348870381712913e-4,0km
December,OCS-A 0517,0.0028271882832050324,0km
February,OCS-A 0517,0.007575844526290894,0km
January,OCS-A 0517,0.00552459591627121,0km
July,OCS-A 0517,2.1059722453355787e-4,0km
June,OCS-A 0517,5.462390780448913e-4,0km
March,OCS-A 0517,0.007778856992721557,0km
May,OCS-A 0517,0.002704751193523407,0km
November,OCS-A 0517,9.31267037987709e-4,0km
October,OCS-A 0517,5.915402695536613e-4,0km
September,OCS-A 0517,3.4083868190646174e-4,0km
April,OCS-A 0517,0.008350436508655548,10km
August,OCS-A 0517,2.557474728673697e-4,10km
December,OCS-A 0517,0.004210466802120209,10km
February,OCS-A 0517,0.009485769867897034,10km
January,OCS-A 0517,0.00696630871295929,10km
July,OCS-A 0517,2.7361238002777103e-4,10km
June,OCS-A 0517,6.99170783162117e-4,10km
March,OCS-A 0517,0.009863056838512421,10km
May,OCS-A 0517,0.003454951524734497,10km
November,OCS-A 0517,0.0012269594818353653,10km
October,OCS-A 0517,7.338495552539827e-4,10km
September,OCS-A 0517,4.181241281330586e-4,10km
April,OCS-A 0517,0.008053163170814514,40km
August,OCS-A 0517,2.7055530622601515e-4,40km
December,OCS-A 0517,0.003884789705276491,40km
February,OCS-A 0517,0.009097572207450867,40km
January,OCS-A 0517,0.006909263014793398,40km
July,OCS-A 0517,2.93490830808878e-4,40km
June,OCS-A 0517,7.229597121477128e-4,40km
March,OCS-A 0517,0.009211726784706118,40km
May,OCS-A 0517,0.0035602691769599923,40km
November,OCS-A 0517,0.0012106507122516634,40km
October,OCS-A 0517,7.683682739734651e-4,40km
September,OCS-A 0517,4.1191078722476967e-4,40km
April,OCS-A 0517,0.0043334742188453675,Southern New England
August,OCS-A 0517,1.9587413035333174e-4,Southern New England
December,OCS-A 0517,0.0013812251687049873,Southern New England
February,OCS-A 0517,0.004139666587114335,Southern New England
January,OCS-A 0517,0.0027349060475826263,Southern New England
July,OCS-A 0517,2.3316309042274968e-4,Southern New England
June,OCS-A 0517,5.562870614230634e-4,Southern New England
March,OCS-A 0517,0.00410447520017624,Southern New England
May,OCS-A 0517,0.0023887877315282827,Southern New England
November,OCS-A 0517,6.825875267386437e-4,Southern New England
October,OCS-A 0517,4.1680622473359115e-4,Southern New England
September,OCS-A 0517,2.825609035789968e-4,Southern New England
April,OCS-A 0517,6.251534968614585e-4,Coastwide
August,OCS-A 0517,2.5694259908050318e-5,Coastwide
December,OCS-A 0517,3.850823715329172e-4,Coastwide
February,OCS-A 0517,8.360975086688999e-4,Coastwide
January,OCS-A 0517,7.37328350543976e-4,Coastwide
July,OCS-A 0517,1.853387132287029e-4,Coastwide
June,OCS-A 0517,2.2799034789204725e-4,Coastwide
March,OCS-A 0517,6.92447423934939e-4,Coastwide
May,OCS-A 0517,4.708900526165964e-4,Coastwide
November,OCS-A 0517,1.6587531939148923e-4,Coastwide
October,OCS-A 0517,8.842982351779945e-5,Coastwide
September,OCS-A 0517,2.8367161750793496e-5,Coastwide
April,OCS-A 0501,0.01082389235496521,0km
August,OCS-A 0501,4.174208641052246e-4,0km
December,OCS-A 0501,0.006252960562705994,0km
February,OCS-A 0501,0.012164654731750489,0km
January,OCS-A 0501,0.010878775119781494,0km
July,OCS-A 0501,5.803196132183074e-4,0km
June,OCS-A 0501,0.001144133359193802,0km
March,OCS-A 0501,0.011527281999588013,0km
May,OCS-A 0501,0.00649920403957367,0km
November,OCS-A 0501,0.001997738629579544,0km
October,OCS-A 0501,0.0012746736407279967,0km
September,OCS-A 0501,6.172514334321023e-4,0km
April,OCS-A 0501,0.010767944574356078,10km
August,OCS-A 0501,4.1885375976562504e-4,10km
December,OCS-A 0501,0.006916969418525697,10km
February,OCS-A 0501,0.012017489194869994,10km
January,OCS-A 0501,0.010648320436477664,10km
July,OCS-A 0501,5.772384181618691e-4,10km
June,OCS-A 0501,0.0011437781602144242,10km
March,OCS-A 0501,0.01088336205482483,10km
May,OCS-A 0501,0.006491577863693238,10km
November,OCS-A 0501,0.002062966138124466,10km
October,OCS-A 0501,0.0012225548624992372,10km
September,OCS-A 0501,6.232332959771156e-4,10km
April,OCS-A 0501,0.011026591420173645,40km
August,OCS-A 0501,6.355379559099671e-4,40km
December,OCS-A 0501,0.010025955736637114,40km
February,OCS-A 0501,0.015951766014099117,40km
January,OCS-A 0501,0.014638548374176018,40km
July,OCS-A 0501,0.0011388456597924224,40km
June,OCS-A 0501,0.0017221217155456538,40km
March,OCS-A 0501,0.012857540845870971,40km
May,OCS-A 0501,0.007483303844928738,40km
November,OCS-A 0501,0.0031475932002067563,40km
October,OCS-A 0501,0.0012679088860750197,40km
September,OCS-A 0501,9.27752926945686e-4,40km
April,OCS-A 0501,0.0043334742188453675,Southern New England
August,OCS-A 0501,1.9587413035333174e-4,Southern New England
December,OCS-A 0501,0.0013812251687049873,Southern New England
February,OCS-A 0501,0.004139666587114335,Southern New England
January,OCS-A 0501,0.0027349060475826263,Southern New England
July,OCS-A 0501,2.3316309042274968e-4,Southern New England
June,OCS-A 0501,5.562870614230634e-4,Southern New England
March,OCS-A 0501,0.00410447520017624,Southern New England
May,OCS-A 0501,0.0023887877315282827,Southern New England
November,OCS-A 0501,6.825875267386437e-4,Southern New England
October,OCS-A 0501,4.1680622473359115e-4,Southern New England
September,OCS-A 0501,2.825609035789968e-4,Southern New England
April,OCS-A 0501,6.251534968614585e-4,Coastwide
August,OCS-A 0501,2.5694259908050318e-5,Coastwide
December,OCS-A 0501,3.850823715329172e-4,Coastwide
February,OCS-A 0501,8.360975086688999e-4,Coastwide
January,OCS-A 0501,7.37328350543976e-4,Coastwide
July,OCS-A 0501,1.853387132287029e-4,Coastwide
June,OCS-A 0501,2.2799034789204725e-4,Coastwide
March,OCS-A 0501,6.92447423934939e-4,Coastwide
May,OCS-A 0501,4.708900526165964e-4,Coastwide
November,OCS-A 0501,1.6587531939148923e-4,Coastwide
October,OCS-A 0501,8.842982351779945e-5,Coastwide
September,OCS-A 0501,2.8367161750793496e-5,Coastwide
April,OCS-A 0487,0.00509303504228592,0km
August,OCS-A 0487,1.6422510333359244e-4,0km
December,OCS-A 0487,0.001516186207532883,0km
February,OCS-A 0487,0.005070231676101685,0km
January,OCS-A 0487,0.0035771629810333254,0km
July,OCS-A 0487,1.7405597865581513e-4,0km
June,OCS-A 0487,4.682121574878693e-4,0km
March,OCS-A 0487,0.004873741030693055,0km
May,OCS-A 0487,0.00244286721944809,0km
November,OCS-A 0487,6.004439294338226e-4,0km
October,OCS-A 0487,4.792840480804444e-4,0km
September,OCS-A 0487,2.7436018362641336e-4,0km
April,OCS-A 0487,0.010002858221530915,10km
August,OCS-A 0487,3.233298547565937e-4,10km
December,OCS-A 0487,0.004708437621593475,10km
February,OCS-A 0487,0.010658428072929379,10km
January,OCS-A 0487,0.00805001616477966,10km
July,OCS-A 0487,3.551994115114212e-4,10km
June,OCS-A 0487,8.869953602552415e-4,10km
March,OCS-A 0487,0.010981745719909668,10km
May,OCS-A 0487,0.004479883909225463,10km
November,OCS-A 0487,0.001434065163135528,10km
October,OCS-A 0487,9.631766453385353e-4,10km
September,OCS-A 0487,5.041831620037555e-4,10km
April,OCS-A 0487,0.00814925992488861,40km
August,OCS-A 0487,2.837108783423901e-4,40km
December,OCS-A 0487,0.004005623042583467,40km
February,OCS-A 0487,0.009074555277824404,40km
January,OCS-A 0487,0.0071651719808578495,40km
July,OCS-A 0487,3.205704987049103e-4,40km
June,OCS-A 0487,7.55828693509102e-4,40km
March,OCS-A 0487,0.009211726784706118,40km
May,OCS-A 0487,0.0040528602004051215,40km
November,OCS-A 0487,0.0012798783779144293,40km
October,OCS-A 0487,8.185059726238252e-4,40km
September,OCS-A 0487,4.383362457156182e-4,40km
April,OCS-A 0487,0.0043334742188453675,Southern New England
August,OCS-A 0487,1.9587413035333174e-4,Southern New England
December,OCS-A 0487,0.0013812251687049873,Southern New England
February,OCS-A 0487,0.004139666587114335,Southern New England
January,OCS-A 0487,0.0027349060475826263,Southern New England
July,OCS-A 0487,2.3316309042274968e-4,Southern New England
June,OCS-A 0487,5.562870614230634e-4,Southern New England
March,OCS-A 0487,0.00410447520017624,Southern New England
May,OCS-A 0487,0.0023887877315282827,Southern New England
November,OCS-A 0487,6.825875267386437e-4,Southern New England
October,OCS-A 0487,4.1680622473359115e-4,Southern New England
September,OCS-A 0487,2.825609035789968e-4,Southern New England
April,OCS-A 0487,6.251534968614585e-4,Coastwide
August,OCS-A 0487,2.5694259908050318e-5,Coastwide
December,OCS-A 0487,3.850823715329172e-4,Coastwide
February,OCS-A 0487,8.360975086688999e-4,Coastwide
January,OCS-A 0487,7.37328350543976e-4,Coastwide
July,OCS-A 0487,1.853387132287029e-4,Coastwide
June,OCS-A 0487,2.2799034789204725e-4,Coastwide
March,OCS-A 0487,6.92447423934939e-4,Coastwide
May,OCS-A 0487,4.708900526165964e-4,Coastwide
November,OCS-A 0487,1.6587531939148923e-4,Coastwide
October,OCS-A 0487,8.842982351779945e-5,Coastwide
September,OCS-A 0487,2.8367161750793496e-5,Coastwide
April,OCS-A 0500,0.010958273887634278,0km
August,OCS-A 0500,3.717161789536476e-4,0km
December,OCS-A 0500,0.00488738238811493,0km
February,OCS-A 0500,0.010768556833267212,0km
January,OCS-A 0500,0.009067814111709595,0km
July,OCS-A 0500,4.2558006942272186e-4,0km
June,OCS-A 0500,9.926892518997193e-4,0km
March,OCS-A 0500,0.01088336205482483,0km
May,OCS-A 0500,0.005437701582908631,0km
November,OCS-A 0500,0.0015426059663295748,0km
October,OCS-A 0500,0.0011201688200235366,0km
September,OCS-A 0500,5.474010631442071e-4,0km
April,OCS-A 0500,0.010464268445968627,10km
August,OCS-A 0500,3.6209424585103986e-4,10km
December,OCS-A 0500,0.005384669661521912,10km
February,OCS-A 0500,0.011082956552505494,10km
January,OCS-A 0500,0.009636805176734924,10km
July,OCS-A 0500,4.225000217556953e-4,10km
June,OCS-A 0500,9.667253345251083e-4,10km
March,OCS-A 0500,0.01088336205482483,10km
May,OCS-A 0500,0.005344100356101989,10km
November,OCS-A 0500,0.0017009228467941282,10km
October,OCS-A 0500,0.0010918713212013243,10km
September,OCS-A 0500,5.41427157819271e-4,10km
April,OCS-A 0500,0.0091603781580925,40km
August,OCS-A 0500,3.5558280348777773e-4,40km
December,OCS-A 0500,0.005131925165653229,40km
February,OCS-A 0500,0.010292933821678162,40km
January,OCS-A 0500,0.008827914834022522,40km
July,OCS-A 0500,4.2540386319160465e-4,40km
June,OCS-A 0500,9.380802512168884e-4,40km
March,OCS-A 0500,0.00990536242723465,40km
May,OCS-A 0500,0.0051044899225235,40km
November,OCS-A 0500,0.0016043308824300769,40km
October,OCS-A 0500,9.552859440445901e-4,40km
September,OCS-A 0500,5.264714062213898e-4,40km
April,OCS-A 0500,0.0043334742188453675,Southern New England
August,OCS-A 0500,1.9587413035333174e-4,Southern New England
December,OCS-A 0500,0.0013812251687049873,Southern New England
February,OCS-A 0500,0.004139666587114335,Southern New England
January,OCS-A 0500,0.0027349060475826263,Southern New England
July,OCS-A 0500,2.3316309042274968e-4,Southern New England
June,OCS-A 0500,5.562870614230634e-4,Southern New England
March,OCS-A 0500,0.00410447520017624,Southern New England
May,OCS-A 0500,0.0023887877315282827,Southern New England
November,OCS-A 0500,6.825875267386437e-4,Southern New England
October,OCS-A 0500,4.1680622473359115e-4,Southern New England
September,OCS-A 0500,2.825609035789968e-4,Southern New England
April,OCS-A 0500,6.251534968614585e-4,Coastwide
August,OCS-A 0500,2.5694259908050318e-5,Coastwide
December,OCS-A 0500,3.850823715329172e-4,Coastwide
February,OCS-A 0500,8.360975086688999e-4,Coastwide
January,OCS-A 0500,7.37328350543976e-4,Coastwide
July,OCS-A 0500,1.853387132287029e-4,Coastwide
June,OCS-A 0500,2.2799034789204725e-4,Coastwide
March,OCS-A 0500,6.92447423934939e-4,Coastwide
May,OCS-A 0500,4.708900526165964e-4,Coastwide
November,OCS-A 0500,1.6587531939148923e-4,Coastwide
October,OCS-A 0500,8.842982351779945e-5,Coastwide
September,OCS-A 0500,2.8367161750793496e-5,Coastwide
April,OCS-A 0534,0.007045812904834747,0km
August,OCS-A 0534,2.8494683094322683e-4,0km
December,OCS-A 0534,0.002419442757964134,0km
February,OCS-A 0534,0.0063049840927124024,0km
January,OCS-A 0534,0.005187604129314422,0km
July,OCS-A 0534,3.128717467188835e-4,0km
June,OCS-A 0534,7.476413249969483e-4,0km
March,OCS-A 0534,0.006640754342079162,0km
May,OCS-A 0534,0.004700059741735458,0km
November,OCS-A 0534,8.757482841610909e-4,0km
October,OCS-A 0534,7.841713726520538e-4,0km
September,OCS-A 0534,4.174365662038326e-4,0km
April,OCS-A 0534,0.010172545909881592,10km
August,OCS-A 0534,3.8409194722771644e-4,10km
December,OCS-A 0534,0.006197531402111053,10km
February,OCS-A 0534,0.011197558641433715,10km
January,OCS-A 0534,0.009986453473567962,10km
July,OCS-A 0534,5.308102332055569e-4,10km
June,OCS-A 0534,0.0010595387071371076,10km
March,OCS-A 0534,0.01052358305454254,10km
May,OCS-A 0534,0.0063449257016181945,10km
November,OCS-A 0534,0.0019188080579042432,10km
October,OCS-A 0534,0.0011402755081653595,10km
September,OCS-A 0534,5.726778730750083e-4,10km
April,OCS-A 0534,0.010286954641342163,40km
August,OCS-A 0534,4.574809968471527e-4,40km
December,OCS-A 0534,0.0072942119836807255,40km
February,OCS-A 0534,0.012904324531555177,40km
January,OCS-A 0534,0.011385854482650757,40km
July,OCS-A 0534,8.198094367980958e-4,40km
June,OCS-A 0534,0.001263911724090576,40km
March,OCS-A 0534,0.011703182458877564,40km
May,OCS-A 0534,0.006373637914657592,40km
November,OCS-A 0534,0.0023207677900791168,40km
October,OCS-A 0534,0.0011489587277173996,40km
September,OCS-A 0534,7.047619670629502e-4,40km
April,OCS-A 0534,0.0043334742188453675,Southern New England
August,OCS-A 0534,1.9587413035333174e-4,Southern New England
December,OCS-A 0534,0.0013812251687049873,Southern New England
February,OCS-A 0534,0.004139666587114335,Southern New England
January,OCS-A 0534,0.0027349060475826263,Southern New England
July,OCS-A 0534,2.3316309042274968e-4,Southern New England
June,OCS-A 0534,5.562870614230634e-4,Southern New England
March,OCS-A 0534,0.00410447520017624,Southern New England
May,OCS-A 0534,0.0023887877315282827,Southern New England
November,OCS-A 0534,6.825875267386437e-4,Southern New England
October,OCS-A 0534,4.1680622473359115e-4,Southern New England
September,OCS-A 0534,2.825609035789968e-4,Southern New England
April,OCS-A 0534,6.251534968614585e-4,Coastwide
August,OCS-A 0534,2.5694259908050318e-5,Coastwide
December,OCS-A 0534,3.850823715329172e-4,Coastwide
February,OCS-A 0534,8.360975086688999e-4,Coastwide
January,OCS-A 0534,7.37328350543976e-4,Coastwide
July,OCS-A 0534,1.853387132287029e-4,Coastwide
June,OCS-A 0534,2.2799034789204725e-4,Coastwide
March,OCS-A 0534,6.92447423934939e-4,Coastwide
May,OCS-A 0534,4.708900526165964e-4,Coastwide
November,OCS-A 0534,1.6587531939148923e-4,Coastwide
October,OCS-A 0534,8.842982351779945e-5,Coastwide
September,OCS-A 0534,2.8367161750793496e-5,Coastwide
April,OCS-A 0520,0.006717889428138734,0km
August,OCS-A 0520,2.874867115169764e-4,0km
December,OCS-A 0520,0.002779269725084306,0km
February,OCS-A 0520,0.006390750408172609,0km
January,OCS-A 0520,0.005518824994564058,0km
July,OCS-A 0520,3.588105551898481e-4,0km
June,OCS-A 0520,7.850454747676852e-4,0km
March,OCS-A 0520,0.0064558837413787856,0km
May,OCS-A 0520,0.005228739619255067,0km
November,OCS-A 0520,9.534302726387982e-4,0km
October,OCS-A 0520,8.261005952954293e-4,0km
September,OCS-A 0520,4.3434556201100353e-4,0km
April,OCS-A 0520,0.009942294001579286,10km
August,OCS-A 0520,4.1962218284606937e-4,10km
December,OCS-A 0520,0.00700100988149643,10km
February,OCS-A 0520,0.011853380084037784,10km
January,OCS-A 0520,0.010880827069282532,10km
July,OCS-A 0520,6.528409719467164e-4,10km
June,OCS-A 0520,0.0011522009670734408,10km
March,OCS-A 0520,0.010644564628601076,10km
May,OCS-A 0520,0.006655111372470856,10km
November,OCS-A 0520,0.0020849378854036335,10km
October,OCS-A 0520,0.0012322375997900962,10km
September,OCS-A 0520,6.258534453809263e-4,10km
April,OCS-A 0520,0.01187661015987396,40km
August,OCS-A 0520,8.564261496067048e-4,40km
December,OCS-A 0520,0.010950108647346496,40km
February,OCS-A 0520,0.019293384194374076,40km
January,OCS-A 0520,0.01715187954902648,40km
July,OCS-A 0520,0.0015547138154506676,40km
June,OCS-A 0520,0.0024355392605066293,40km
March,OCS-A 0520,0.014852804422378537,40km
May,OCS-A 0520,0.008951292037963866,40km
November,OCS-A 0520,0.0035204842090606685,40km
October,OCS-A 0520,0.0013988796621561051,40km
September,OCS-A 0520,0.0012357160747051238,40km
April,OCS-A 0520,0.0043334742188453675,Southern New England
August,OCS-A 0520,1.9587413035333174e-4,Southern New England
December,OCS-A 0520,0.0013812251687049873,Southern New England
February,OCS-A 0520,0.004139666587114335,Southern New England
January,OCS-A 0520,0.0027349060475826263,Southern New England
July,OCS-A 0520,2.3316309042274968e-4,Southern New England
June,OCS-A 0520,5.562870614230634e-4,Southern New England
March,OCS-A 0520,0.00410447520017624,Southern New England
May,OCS-A 0520,0.0023887877315282827,Southern New England
November,OCS-A 0520,6.825875267386437e-4,Southern New England
October,OCS-A 0520,4.1680622473359115e-4,Southern New England
September,OCS-A 0520,2.825609035789968e-4,Southern New England
April,OCS-A 0520,6.251534968614585e-4,Coastwide
August,OCS-A 0520,2.5694259908050318e-5,Coastwide
December,OCS-A 0520,3.850823715329172e-4,Coastwide
February,OCS-A 0520,8.360975086688999e-4,Coastwide
January,OCS-A 0520,7.37328350543976e-4,Coastwide
July,OCS-A 0520,1.853387132287029e-4,Coastwide
June,OCS-A 0520,2.2799034789204725e-4,Coastwide
March,OCS-A 0520,6.92447423934939e-4,Coastwide
May,OCS-A 0520,4.708900526165964e-4,Coastwide
November,OCS-A 0520,1.6587531939148923e-4,Coastwide
October,OCS-A 0520,8.842982351779945e-5,Coastwide
September,OCS-A 0520,2.8367161750793496e-5,Coastwide
April,OCS-A 0521,0.006779933810234073,0km
August,OCS-A 0521,2.9531695321202293e-4,0km
December,OCS-A 0521,0.0038278241455554983,0km
February,OCS-A 0521,0.007724452555179599,0km
January,OCS-A 0521,0.006785943329334262,0km
July,OCS-A 0521,4.927087351679804e-4,0km
June,OCS-A 0521,9.666879251599316e-4,0km
March,OCS-A 0521,0.006851606070995333,0km
May,OCS-A 0521,0.005498123049736024,0km
November,OCS-A 0521,0.0012787916660308846,0km
October,OCS-A 0521,8.961776942014697e-4,0km
September,OCS-A 0521,4.865094535052778e-4,0km
April,OCS-A 0521,0.011822589874267578,10km
August,OCS-A 0521,6.072707772254946e-4,10km
December,OCS-A 0521,0.010431751966476444,10km
February,OCS-A 0521,0.016816668033599855,10km
January,OCS-A 0521,0.015188480377197267,10km
July,OCS-A 0521,0.0011815590858459475,10km
June,OCS-A 0521,0.0018179582953453072,10km
March,OCS-A 0521,0.014696412801742557,10km
May,OCS-A 0521,0.008158245682716373,10km
November,OCS-A 0521,0.0031301659345626836,10km
October,OCS-A 0521,0.0013736907541751862,10km
September,OCS-A 0521,9.566393196582795e-4,10km
April,OCS-A 0521,0.015695627927780148,40km
August,OCS-A 0521,0.0014113840758800506,40km
December,OCS-A 0521,0.016572970151901244,40km
February,OCS-A 0521,0.02648040056228637,40km
January,OCS-A 0521,0.02458980798721312,40km
July,OCS-A 0521,0.0028972321748733506,40km
June,OCS-A 0521,0.004051366567611694,40km
March,OCS-A 0521,0.02135922193527222,40km
May,OCS-A 0521,0.013435413360595701,40km
November,OCS-A 0521,0.005222210526466369,40km
October,OCS-A 0521,0.002104302704334258,40km
September,OCS-A 0521,0.0019897792935371387,40km
April,OCS-A 0521,0.0043334742188453675,Southern New England
August,OCS-A 0521,1.9587413035333174e-4,Southern New England
December,OCS-A 0521,0.0013812251687049873,Southern New England
February,OCS-A 0521,0.004139666587114335,Southern New England
January,OCS-A 0521,0.0027349060475826263,Southern New England
July,OCS-A 0521,2.3316309042274968e-4,Southern New England
June,OCS-A 0521,5.562870614230634e-4,Southern New England
March,OCS-A 0521,0.00410447520017624,Southern New England
May,OCS-A 0521,0.0023887877315282827,Southern New England
November,OCS-A 0521,6.825875267386437e-4,Southern New England
October,OCS-A 0521,4.1680622473359115e-4,Southern New England
September,OCS-A 0521,2.825609035789968e-4,Southern New England
April,OCS-A 0521,6.251534968614585e-4,Coastwide
August,OCS-A 0521,2.5694259908050318e-5,Coastwide
December,OCS-A 0521,3.850823715329172e-4,Coastwide
February,OCS-A 0521,8.360975086688999e-4,Coastwide
January,OCS-A 0521,7.37328350543976e-4,Coastwide
July,OCS-A 0521,1.853387132287029e-4,Coastwide
June,OCS-A 0521,2.2799034789204725e-4,Coastwide
March,OCS-A 0521,6.92447423934939e-4,Coastwide
May,OCS-A 0521,4.708900526165964e-4,Coastwide
November,OCS-A 0521,1.6587531939148923e-4,Coastwide
October,OCS-A 0521,8.842982351779945e-5,Coastwide
September,OCS-A 0521,2.8367161750793496e-5,Coastwide
April,OCS-A 0522,0.014182461380958567,0km
August,OCS-A 0522,6.564445272088053e-4,0km
December,OCS-A 0522,0.010472978830337534,0km
February,OCS-A 0522,0.019026359081268325,0km
January,OCS-A 0522,0.016895693540573135,0km
July,OCS-A 0522,0.001450048938393594,0km
June,OCS-A 0522,0.002488566845655443,0km
March,OCS-A 0522,0.015584065437316904,0km
May,OCS-A 0522,0.011678832292556769,0km
November,OCS-A 0522,0.0033905435353517558,0km
October,OCS-A 0522,0.001877937212586404,0km
September,OCS-A 0522,0.0012244836017489436,0km
April,OCS-A 0522,0.02188281631469727,10km
August,OCS-A 0522,0.0013288393914699557,10km
December,OCS-A 0522,0.019285936594009397,10km
February,OCS-A 0522,0.030392077922821045,10km
January,OCS-A 0522,0.027947951793670652,10km
July,OCS-A 0522,0.0031202337741851804,10km
June,OCS-A 0522,0.0042673841714859035,10km
March,OCS-A 0522,0.025696935653686522,10km
May,OCS-A 0522,0.01804134798049927,10km
November,OCS-A 0522,0.00603690266609192,10km
October,OCS-A 0522,0.0028048689365386963,10km
September,OCS-A 0522,0.0021751847267150897,10km
April,OCS-A 0522,0.021677358150482186,40km
August,OCS-A 0522,0.002223185941576961,40km
December,OCS-A 0522,0.021038954257965092,40km
February,OCS-A 0522,0.035052579164505014,40km
January,OCS-A 0522,0.03063632917404175,40km
July,OCS-A 0522,0.005112207949161533,40km
June,OCS-A 0522,0.007231696844100955,40km
March,OCS-A 0522,0.027911642313003547,40km
May,OCS-A 0522,0.019690432190895085,40km
November,OCS-A 0522,0.007482983767986301,40km
October,OCS-A 0522,0.002997908085584642,40km
September,OCS-A 0522,0.003004684567451481,40km
April,OCS-A 0522,0.0043334742188453675,Southern New England
August,OCS-A 0522,1.9587413035333174e-4,Southern New England
December,OCS-A 0522,0.0013812251687049873,Southern New England
February,OCS-A 0522,0.004139666587114335,Southern New England
January,OCS-A 0522,0.0027349060475826263,Southern New England
July,OCS-A 0522,2.3316309042274968e-4,Southern New England
June,OCS-A 0522,5.562870614230634e-4,Southern New England
March,OCS-A 0522,0.00410447520017624,Southern New England
May,OCS-A 0522,0.0023887877315282827,Southern New England
November,OCS-A 0522,6.825875267386437e-4,Southern New England
October,OCS-A 0522,4.1680622473359115e-4,Southern New England
September,OCS-A 0522,2.825609035789968e-4,Southern New England
April,OCS-A 0522,6.251534968614585e-4,Coastwide
August,OCS-A 0522,2.5694259908050318e-5,Coastwide
December,OCS-A 0522,3.850823715329172e-4,Coastwide
February,OCS-A 0522,8.360975086688999e-4,Coastwide
January,OCS-A 0522,7.37328350543976e-4,Coastwide
July,OCS-A 0522,1.853387132287029e-4,Coastwide
June,OCS-A 0522,2.2799034789204725e-4,Coastwide
March,OCS-A 0522,6.92447423934939e-4,Coastwide
May,OCS-A 0522,4.708900526165964e-4,Coastwide
November,OCS-A 0522,1.6587531939148923e-4,Coastwide
October,OCS-A 0522,8.842982351779945e-5,Coastwide
September,OCS-A 0522,2.8367161750793496e-5,Coastwide
April,OCS-A 0512,0.0011361731439828873,0km
August,OCS-A 0512,3.306504478678108e-5,0km
December,OCS-A 0512,6.293809860944749e-4,0km
February,OCS-A 0512,0.0015140007138252259,0km
January,OCS-A 0512,0.0012549962699413301,0km
July,OCS-A 0512,3.401897707954049e-5,0km
June,OCS-A 0512,7.0307613350451e-5,0km
March,OCS-A 0512,0.001554325819015503,0km
May,OCS-A 0512,3.451322615146637e-4,0km
November,OCS-A 0512,1.8771500512957572e-4,0km
October,OCS-A 0512,1.0579784028232097e-4,0km
September,OCS-A 0512,5.4472872056066996e-5,0km
April,OCS-A 0512,0.0011890058666467666,10km
August,OCS-A 0512,3.533041942864656e-5,10km
December,OCS-A 0512,6.500972956418991e-4,10km
February,OCS-A 0512,0.0015778837502002717,10km
January,OCS-A 0512,0.0012857601642608642,10km
July,OCS-A 0512,3.7427322240546346e-5,10km
June,OCS-A 0512,7.676981668919327e-5,10km
March,OCS-A 0512,0.0015783084779977799,10km
May,OCS-A 0512,3.716917112469673e-4,10km
November,OCS-A 0512,1.9506302289664745e-4,10km
October,OCS-A 0512,1.1176303774118425e-4,10km
September,OCS-A 0512,5.801482545211911e-5,10km
April,OCS-A 0512,0.0014307373762130738,40km
August,OCS-A 0512,4.558995831757784e-5,40km
December,OCS-A 0512,6.979929655790329e-4,40km
February,OCS-A 0512,0.0017831170558929444,40km
January,OCS-A 0512,0.0013938672840595246,40km
July,OCS-A 0512,4.702588077634573e-5,40km
June,OCS-A 0512,9.872130118310452e-5,40km
March,OCS-A 0512,0.001750165969133377,40km
May,OCS-A 0512,4.85573448240757e-4,40km
November,OCS-A 0512,2.2763632237911226e-4,40km
October,OCS-A 0512,1.344023086130619e-4,40km
September,OCS-A 0512,7.164936512708664e-5,40km
April,OCS-A 0512,0.0012885351032018663,Mid-Atlantic
August,OCS-A 0512,3.5086661344394087e-5,Mid-Atlantic
December,OCS-A 0512,4.649867080152035e-4,Mid-Atlantic
February,OCS-A 0512,0.0012945565581321727,Mid-Atlantic
January,OCS-A 0512,0.0010082354918122295,Mid-Atlantic
July,OCS-A 0512,3.8095471682026994e-5,Mid-Atlantic
June,OCS-A 0512,9.921227674931292e-5,Mid-Atlantic
March,OCS-A 0512,0.0013666064739227299,Mid-Atlantic
May,OCS-A 0512,3.692722246050835e-4,Mid-Atlantic
November,OCS-A 0512,1.97953000664711e-4,Mid-Atlantic
October,OCS-A 0512,1.1755478195846083e-4,Mid-Atlantic
September,OCS-A 0512,6.022970238700511e-5,Mid-Atlantic
April,OCS-A 0512,6.251534968614585e-4,Coastwide
August,OCS-A 0512,2.5694259908050318e-5,Coastwide
December,OCS-A 0512,3.850823715329172e-4,Coastwide
February,OCS-A 0512,8.360975086688999e-4,Coastwide
January,OCS-A 0512,7.37328350543976e-4,Coastwide
July,OCS-A 0512,1.853387132287029e-4,Coastwide
June,OCS-A 0512,2.2799034789204725e-4,Coastwide
March,OCS-A 0512,6.92447423934939e-4,Coastwide
May,OCS-A 0512,4.708900526165964e-4,Coastwide
November,OCS-A 0512,1.6587531939148923e-4,Coastwide
October,OCS-A 0512,8.842982351779945e-5,Coastwide
September,OCS-A 0512,2.8367161750793496e-5,Coastwide
April,OCS-A 0544,0.0012816029042005538,0km
August,OCS-A 0544,3.8313280092552305e-5,0km
December,OCS-A 0544,6.175370514392854e-4,0km
February,OCS-A 0544,0.0016923020035028457,0km
January,OCS-A 0544,0.0013262738287448882,0km
July,OCS-A 0544,3.977239364758134e-5,0km
June,OCS-A 0544,8.499064017087222e-5,0km
March,OCS-A 0544,0.0016628986597061156,0km
May,OCS-A 0544,4.1619323194026943e-4,0km
November,OCS-A 0544,2.0728335715830326e-4,0km
October,OCS-A 0544,1.2378608807921409e-4,0km
September,OCS-A 0544,6.508107529953123e-5,0km
April,OCS-A 0544,0.0014227098524570467,10km
August,OCS-A 0544,4.465443268418312e-5,10km
December,OCS-A 0544,7.012046426534653e-4,10km
February,OCS-A 0544,0.0017980167567729951,10km
January,OCS-A 0544,0.0014514514952898027,10km
July,OCS-A 0544,4.6470357570797204e-5,10km
June,OCS-A 0544,9.730310086160898e-5,10km
March,OCS-A 0544,0.0017780128568410873,10km
May,OCS-A 0544,4.664461463689804e-4,10km
November,OCS-A 0544,2.2435574233531952e-4,10km
October,OCS-A 0544,1.376130012795329e-4,10km
September,OCS-A 0544,7.254984788596631e-5,10km
April,OCS-A 0544,0.0017471355497837068,40km
August,OCS-A 0544,5.7838062755763535e-5,40km
December,OCS-A 0544,7.546108812093734e-4,40km
February,OCS-A 0544,0.0020145095288753513,40km
January,OCS-A 0544,0.0015745295882225038,40km
July,OCS-A 0544,5.751545261591673e-5,40km
June,OCS-A 0544,1.2742178142070772e-4,40km
March,OCS-A 0544,0.0019714927077293396,40km
May,OCS-A 0544,6.244720071554184e-4,40km
November,OCS-A 0544,2.526963017880917e-4,40km
October,OCS-A 0544,1.6206425800919535e-4,40km
September,OCS-A 0544,8.70091486722231e-5,40km
April,OCS-A 0544,0.0012885351032018663,Mid-Atlantic
August,OCS-A 0544,3.5086661344394087e-5,Mid-Atlantic
December,OCS-A 0544,4.649867080152035e-4,Mid-Atlantic
February,OCS-A 0544,0.0012945565581321727,Mid-Atlantic
January,OCS-A 0544,0.0010082354918122295,Mid-Atlantic
July,OCS-A 0544,3.8095471682026994e-5,Mid-Atlantic
June,OCS-A 0544,9.921227674931292e-5,Mid-Atlantic
March,OCS-A 0544,0.0013666064739227299,Mid-Atlantic
May,OCS-A 0544,3.692722246050835e-4,Mid-Atlantic
November,OCS-A 0544,1.97953000664711e-4,Mid-Atlantic
October,OCS-A 0544,1.1755478195846083e-4,Mid-Atlantic
September,OCS-A 0544,6.022970238700511e-5,Mid-Atlantic
April,OCS-A 0544,6.251534968614585e-4,Coastwide
August,OCS-A 0544,2.5694259908050318e-5,Coastwide
December,OCS-A 0544,3.850823715329172e-4,Coastwide
February,OCS-A 0544,8.360975086688999e-4,Coastwide
January,OCS-A 0544,7.37328350543976e-4,Coastwide
July,OCS-A 0544,1.853387132287029e-4,Coastwide
June,OCS-A 0544,2.2799034789204725e-4,Coastwide
March,OCS-A 0544,6.92447423934939e-4,Coastwide
May,OCS-A 0544,4.708900526165964e-4,Coastwide
November,OCS-A 0544,1.6587531939148923e-4,Coastwide
October,OCS-A 0544,8.842982351779945e-5,Coastwide
September,OCS-A 0544,2.8367161750793496e-5,Coastwide
April,OCS-A 0537,0.001422716736793518,0km
August,OCS-A 0537,3.510436322540045e-5,0km
December,OCS-A 0537,2.3097750917077064e-4,0km
February,OCS-A 0537,0.001280433103442192,0km
January,OCS-A 0537,6.946030855178833e-4,0km
July,OCS-A 0537,3.7496998906135564e-5,0km
June,OCS-A 0537,1.0757140256464482e-4,0km
March,OCS-A 0537,0.0013712158650159836,0km
May,OCS-A 0537,5.624043494462967e-4,0km
November,OCS-A 0537,1.620863936841488e-4,0km
October,OCS-A 0537,1.257982598617673e-4,0km
September,OCS-A 0537,6.596846599131822e-5,0km
April,OCS-A 0537,0.0017491866499185563,10km
August,OCS-A 0537,4.261579085141421e-5,10km
December,OCS-A 0537,2.6985997147858145e-4,10km
February,OCS-A 0537,0.001430023416876793,10km
January,OCS-A 0537,8.051893189549447e-4,10km
July,OCS-A 0537,4.36428701505065e-5,10km
June,OCS-A 0537,1.3408323377370833e-4,10km
March,OCS-A 0537,0.0014809163957834244,10km
May,OCS-A 0537,6.794096454977989e-4,10km
November,OCS-A 0537,1.7851322889328005e-4,10km
October,OCS-A 0537,1.424552910029888e-4,10km
September,OCS-A 0537,7.689299620687961e-5,10km
April,OCS-A 0537,0.0021385762393474578,40km
August,OCS-A 0537,6.152052711695433e-5,40km
December,OCS-A 0537,5.273668356239795e-4,40km
February,OCS-A 0537,0.0018852637857198714,40km
January,OCS-A 0537,0.0013483368009328841,40km
July,OCS-A 0537,6.402996741235256e-5,40km
June,OCS-A 0537,1.7273089103400706e-4,40km
March,OCS-A 0537,0.0019318251758813857,40km
May,OCS-A 0537,8.379697054624557e-4,40km
November,OCS-A 0537,2.486493326723576e-4,40km
October,OCS-A 0537,1.8735296092927458e-4,40km
September,OCS-A 0537,1.0300981160253286e-4,40km
April,OCS-A 0537,0.0012885351032018663,Mid-Atlantic
August,OCS-A 0537,3.5086661344394087e-5,Mid-Atlantic
December,OCS-A 0537,4.649867080152035e-4,Mid-Atlantic
February,OCS-A 0537,0.0012945565581321727,Mid-Atlantic
January,OCS-A 0537,0.0010082354918122295,Mid-Atlantic
July,OCS-A 0537,3.8095471682026994e-5,Mid-Atlantic
June,OCS-A 0537,9.921227674931292e-5,Mid-Atlantic
March,OCS-A 0537,0.0013666064739227299,Mid-Atlantic
May,OCS-A 0537,3.692722246050835e-4,Mid-Atlantic
November,OCS-A 0537,1.97953000664711e-4,Mid-Atlantic
October,OCS-A 0537,1.1755478195846083e-4,Mid-Atlantic
September,OCS-A 0537,6.022970238700511e-5,Mid-Atlantic
April,OCS-A 0537,6.251534968614585e-4,Coastwide
August,OCS-A 0537,2.5694259908050318e-5,Coastwide
December,OCS-A 0537,3.850823715329172e-4,Coastwide
February,OCS-A 0537,8.360975086688999e-4,Coastwide
January,OCS-A 0537,7.37328350543976e-4,Coastwide
July,OCS-A 0537,1.853387132287029e-4,Coastwide
June,OCS-A 0537,2.2799034789204725e-4,Coastwide
March,OCS-A 0537,6.92447423934939e-4,Coastwide
May,OCS-A 0537,4.708900526165964e-4,Coastwide
November,OCS-A 0537,1.6587531939148923e-4,Coastwide
October,OCS-A 0537,8.842982351779945e-5,Coastwide
September,OCS-A 0537,2.8367161750793496e-5,Coastwide
April,OCS-A 0538,0.001131705701351166,0km
August,OCS-A 0538,3.783794632181526e-5,0km
December,OCS-A 0538,2.8568955883383754e-4,0km
February,OCS-A 0538,0.0012066354006528854,0km
January,OCS-A 0538,7.755629569292069e-4,0km
July,OCS-A 0538,2.9200186487287284e-5,0km
June,OCS-A 0538,7.943126652389766e-5,0km
March,OCS-A 0538,0.0012717941105365755,0km
May,OCS-A 0538,3.803405314683915e-4,0km
November,OCS-A 0538,1.6291760466992857e-4,0km
October,OCS-A 0538,1.0920572467148305e-4,0km
September,OCS-A 0538,5.2845756523311145e-5,0km
April,OCS-A 0538,0.0015375807285308838,10km
August,OCS-A 0538,4.508517123758793e-5,10km
December,OCS-A 0538,3.304797410964966e-4,10km
February,OCS-A 0538,0.001374821662902832,10km
January,OCS-A 0538,9.144884794950486e-4,10km
July,OCS-A 0538,3.8600627798587086e-5,10km
June,OCS-A 0538,1.0820398852229117e-4,10km
March,OCS-A 0538,0.0014693854749202727,10km
May,OCS-A 0538,5.35854697227478e-4,10km
November,OCS-A 0538,1.9295243546366692e-4,10km
October,OCS-A 0538,1.3544520735740662e-4,10km
September,OCS-A 0538,7.028836384415626e-5,10km
April,OCS-A 0538,0.0015939588844776154,40km
August,OCS-A 0538,4.1169994510710246e-5,40km
December,OCS-A 0538,4.203078895807266e-4,40km
February,OCS-A 0538,0.0013173064589500428,40km
January,OCS-A 0538,9.818242341279985e-4,40km
July,OCS-A 0538,4.030578304082155e-5,40km
June,OCS-A 0538,1.2036017701029777e-4,40km
March,OCS-A 0538,0.0014573875665664674,40km
May,OCS-A 0538,5.386693850159646e-4,40km
November,OCS-A 0538,1.8168989196419718e-4,40km
October,OCS-A 0538,1.343947034329176e-4,40km
September,OCS-A 0538,7.004165928810836e-5,40km
April,OCS-A 0538,0.0012885351032018663,Mid-Atlantic
August,OCS-A 0538,3.5086661344394087e-5,Mid-Atlantic
December,OCS-A 0538,4.649867080152035e-4,Mid-Atlantic
February,OCS-A 0538,0.0012945565581321727,Mid-Atlantic
January,OCS-A 0538,0.0010082354918122295,Mid-Atlantic
July,OCS-A 0538,3.8095471682026994e-5,Mid-Atlantic
June,OCS-A 0538,9.921227674931292e-5,Mid-Atlantic
March,OCS-A 0538,0.0013666064739227299,Mid-Atlantic
May,OCS-A 0538,3.692722246050835e-4,Mid-Atlantic
November,OCS-A 0538,1.97953000664711e-4,Mid-Atlantic
October,OCS-A 0538,1.1755478195846083e-4,Mid-Atlantic
September,OCS-A 0538,6.022970238700511e-5,Mid-Atlantic
April,OCS-A 0538,6.251534968614585e-4,Coastwide
August,OCS-A 0538,2.5694259908050318e-5,Coastwide
December,OCS-A 0538,3.850823715329172e-4,Coastwide
February,OCS-A 0538,8.360975086688999e-4,Coastwide
January,OCS-A 0538,7.37328350543976e-4,Coastwide
July,OCS-A 0538,1.853387132287029e-4,Coastwide
June,OCS-A 0538,2.2799034789204725e-4,Coastwide
March,OCS-A 0538,6.92447423934939e-4,Coastwide
May,OCS-A 0538,4.708900526165964e-4,Coastwide
November,OCS-A 0538,1.6587531939148923e-4,Coastwide
October,OCS-A 0538,8.842982351779945e-5,Coastwide
September,OCS-A 0538,2.8367161750793496e-5,Coastwide
April,OCS-A 0539,0.001419923260807991,0km
August,OCS-A 0539,4.3466127943247556e-5,0km
December,OCS-A 0539,4.933112859725952e-4,0km
February,OCS-A 0539,0.0016533063501119613,0km
January,OCS-A 0539,0.0013069020658731459,0km
July,OCS-A 0539,4.191665863618255e-5,0km
June,OCS-A 0539,9.456258080899715e-5,0km
March,OCS-A 0539,0.0017317561507225036,0km
May,OCS-A 0539,4.371205009520054e-4,0km
November,OCS-A 0539,2.3374697193503377e-4,0km
October,OCS-A 0539,1.289583332836628e-4,0km
September,OCS-A 0539,6.273176008835435e-5,0km
April,OCS-A 0539,0.0015415945202112197,10km
August,OCS-A 0539,4.774013720452786e-5,10km
December,OCS-A 0539,4.906250014901163e-4,10km
February,OCS-A 0539,0.001614514619112015,10km
January,OCS-A 0539,0.0012479205802083016,10km
July,OCS-A 0539,4.1068686638027436e-5,10km
June,OCS-A 0539,1.0160330962389707e-4,10km
March,OCS-A 0539,0.0017657800614833833,10km
May,OCS-A 0539,4.911786019802094e-4,10km
November,OCS-A 0539,2.3482678458094597e-4,10km
October,OCS-A 0539,1.3684740848839285e-4,10km
September,OCS-A 0539,6.643252074718474e-5,10km
April,OCS-A 0539,0.0015887104123830796,40km
August,OCS-A 0539,4.183246102184058e-5,40km
December,OCS-A 0539,4.472255818545818e-4,40km
February,OCS-A 0539,0.0014643487185239793,40km
January,OCS-A 0539,0.001126164495944977,40km
July,OCS-A 0539,4.1927330195903775e-5,40km
June,OCS-A 0539,1.1881915293633939e-4,40km
March,OCS-A 0539,0.0015848686397075655,40km
May,OCS-A 0539,5.113966464996338e-4,40km
November,OCS-A 0539,2.098055873066187e-4,40km
October,OCS-A 0539,1.3651992194354536e-4,40km
September,OCS-A 0539,7.060620980337261e-5,40km
April,OCS-A 0539,0.0012885351032018663,Mid-Atlantic
August,OCS-A 0539,3.5086661344394087e-5,Mid-Atlantic
December,OCS-A 0539,4.649867080152035e-4,Mid-Atlantic
February,OCS-A 0539,0.0012945565581321727,Mid-Atlantic
January,OCS-A 0539,0.0010082354918122295,Mid-Atlantic
July,OCS-A 0539,3.8095471682026994e-5,Mid-Atlantic
June,OCS-A 0539,9.921227674931292e-5,Mid-Atlantic
March,OCS-A 0539,0.0013666064739227299,Mid-Atlantic
May,OCS-A 0539,3.692722246050835e-4,Mid-Atlantic
November,OCS-A 0539,1.97953000664711e-4,Mid-Atlantic
October,OCS-A 0539,1.1755478195846083e-4,Mid-Atlantic
September,OCS-A 0539,6.022970238700511e-5,Mid-Atlantic
April,OCS-A 0539,6.251534968614585e-4,Coastwide
August,OCS-A 0539,2.5694259908050318e-5,Coastwide
December,OCS-A 0539,3.850823715329172e-4,Coastwide
February,OCS-A 0539,8.360975086688999e-4,Coastwide
January,OCS-A 0539,7.37328350543976e-4,Coastwide
July,OCS-A 0539,1.853387132287029e-4,Coastwide
June,OCS-A 0539,2.2799034789204725e-4,Coastwide
March,OCS-A 0539,6.92447423934939e-4,Coastwide
May,OCS-A 0539,4.708900526165964e-4,Coastwide
November,OCS-A 0539,1.6587531939148923e-4,Coastwide
October,OCS-A 0539,8.842982351779945e-5,Coastwide
September,OCS-A 0539,2.8367161750793496e-5,Coastwide
April,OCS-A 0549,4.7415240854024887e-4,0km
August,OCS-A 0549,1.2291247490793467e-5,0km
December,OCS-A 0549,4.783184602856636e-4,0km
February,OCS-A 0549,8.664193004369735e-4,0km
January,OCS-A 0549,8.294469565153122e-4,0km
July,OCS-A 0549,1.500555546954274e-5,0km
June,OCS-A 0549,3.0499631073325874e-5,0km
March,OCS-A 0549,6.435141414403916e-4,0km
May,OCS-A 0549,1.0875647887587548e-4,0km
November,OCS-A 0549,1.4712639898061753e-4,0km
October,OCS-A 0549,3.6797010339796544e-5,0km
September,OCS-A 0549,1.800861908122897e-5,0km
April,OCS-A 0549,5.08603297173977e-4,10km
August,OCS-A 0549,1.4355882769450547e-5,10km
December,OCS-A 0549,5.465328693389895e-4,10km
February,OCS-A 0549,8.798726052045822e-4,10km
January,OCS-A 0549,0.0010648792982101442,10km
July,OCS-A 0549,1.6118542291224e-5,10km
June,OCS-A 0549,3.054698091000319e-5,10km
March,OCS-A 0549,6.560181379318237e-4,10km
May,OCS-A 0549,1.1796975322067738e-4,10km
November,OCS-A 0549,1.7407969012856483e-4,10km
October,OCS-A 0549,4.0671654976904396e-5,10km
September,OCS-A 0549,1.9301875494420528e-5,10km
April,OCS-A 0549,9.640763401985168e-4,40km
August,OCS-A 0549,2.399899344891311e-5,40km
December,OCS-A 0549,5.478534623980523e-4,40km
February,OCS-A 0549,0.0013222353458404554,40km
January,OCS-A 0549,0.00130291622877121,40km
July,OCS-A 0549,2.983138663694265e-5,40km
June,OCS-A 0549,6.0709021985530866e-5,40km
March,OCS-A 0549,0.001304804831743241,40km
May,OCS-A 0549,2.3800185695290566e-4,40km
November,OCS-A 0549,1.879248283803463e-4,40km
October,OCS-A 0549,8.236499503254898e-5,40km
September,OCS-A 0549,4.444840364158156e-5,40km
April,OCS-A 0549,0.0012885351032018663,Mid-Atlantic
August,OCS-A 0549,3.5086661344394087e-5,Mid-Atlantic
December,OCS-A 0549,4.649867080152035e-4,Mid-Atlantic
February,OCS-A 0549,0.0012945565581321727,Mid-Atlantic
January,OCS-A 0549,0.0010082354918122295,Mid-Atlantic
July,OCS-A 0549,3.8095471682026994e-5,Mid-Atlantic
June,OCS-A 0549,9.921227674931292e-5,Mid-Atlantic
March,OCS-A 0549,0.0013666064739227299,Mid-Atlantic
May,OCS-A 0549,3.692722246050835e-4,Mid-Atlantic
November,OCS-A 0549,1.97953000664711e-4,Mid-Atlantic
October,OCS-A 0549,1.1755478195846083e-4,Mid-Atlantic
September,OCS-A 0549,6.022970238700511e-5,Mid-Atlantic
April,OCS-A 0549,6.251534968614585e-4,Coastwide
August,OCS-A 0549,2.5694259908050318e-5,Coastwide
December,OCS-A 0549,3.850823715329172e-4,Coastwide
February,OCS-A 0549,8.360975086688999e-4,Coastwide
January,OCS-A 0549,7.37328350543976e-4,Coastwide
July,OCS-A 0549,1.853387132287029e-4,Coastwide
June,OCS-A 0549,2.2799034789204725e-4,Coastwide
March,OCS-A 0549,6.92447423934939e-4,Coastwide
May,OCS-A 0549,4.708900526165964e-4,Coastwide
November,OCS-A 0549,1.6587531939148923e-4,Coastwide
October,OCS-A 0549,8.842982351779945e-5,Coastwide
September,OCS-A 0549,2.8367161750793496e-5,Coastwide
April,OCS-A 0541,0.0011849127411842349,0km
August,OCS-A 0541,3.030723286792636e-5,0km
December,OCS-A 0541,5.296334996819496e-4,0km
February,OCS-A 0541,0.001553005546331406,0km
January,OCS-A 0541,0.0013166765570640565,0km
July,OCS-A 0541,3.488641302101315e-5,0km
June,OCS-A 0541,7.475364208221436e-5,0km
March,OCS-A 0541,0.0015415835082530976,0km
May,OCS-A 0541,3.033744636923075e-4,0km
November,OCS-A 0541,2.1042455546557904e-4,0km
October,OCS-A 0541,1.063069747760892e-4,0km
September,OCS-A 0541,5.5667443200945854e-5,0km
April,OCS-A 0541,0.001456655204296112,10km
August,OCS-A 0541,3.6706035491079094e-5,10km
December,OCS-A 0541,5.409855470061302e-4,10km
February,OCS-A 0541,0.0016934668123722075,10km
January,OCS-A 0541,0.0014096965789794924,10km
July,OCS-A 0541,4.218481527641415e-5,10km
June,OCS-A 0541,9.612267743796111e-5,10km
March,OCS-A 0541,0.001830491229891777,10km
May,OCS-A 0541,3.9567538723349566e-4,10km
November,OCS-A 0541,2.4549384228885173e-4,10km
October,OCS-A 0541,1.3625117670744657e-4,10km
September,OCS-A 0541,6.72137220390141e-5,10km
April,OCS-A 0541,0.001474500775337219,40km
August,OCS-A 0541,4.3242394924163816e-5,40km
December,OCS-A 0541,5.065794885158539e-4,40km
February,OCS-A 0541,0.0016021351814270019,40km
January,OCS-A 0541,0.001319957911968231,40km
July,OCS-A 0541,4.03458122164011e-5,40km
June,OCS-A 0541,9.967570751905441e-5,40km
March,OCS-A 0541,0.0017520704567432403,40km
May,OCS-A 0541,4.3233048915863035e-4,40km
November,OCS-A 0541,2.316702306270599e-4,40km
October,OCS-A 0541,1.3305413350462914e-4,40km
September,OCS-A 0541,6.492904014885427e-5,40km
April,OCS-A 0541,0.0012885351032018663,Mid-Atlantic
August,OCS-A 0541,3.5086661344394087e-5,Mid-Atlantic
December,OCS-A 0541,4.649867080152035e-4,Mid-Atlantic
February,OCS-A 0541,0.0012945565581321727,Mid-Atlantic
January,OCS-A 0541,0.0010082354918122295,Mid-Atlantic
July,OCS-A 0541,3.8095471682026994e-5,Mid-Atlantic
June,OCS-A 0541,9.921227674931292e-5,Mid-Atlantic
March,OCS-A 0541,0.0013666064739227299,Mid-Atlantic
May,OCS-A 0541,3.692722246050835e-4,Mid-Atlantic
November,OCS-A 0541,1.97953000664711e-4,Mid-Atlantic
October,OCS-A 0541,1.1755478195846083e-4,Mid-Atlantic
September,OCS-A 0541,6.022970238700511e-5,Mid-Atlantic
April,OCS-A 0541,6.251534968614585e-4,Coastwide
August,OCS-A 0541,2.5694259908050318e-5,Coastwide
December,OCS-A 0541,3.850823715329172e-4,Coastwide
February,OCS-A 0541,8.360975086688999e-4,Coastwide
January,OCS-A 0541,7.37328350543976e-4,Coastwide
July,OCS-A 0541,1.853387132287029e-4,Coastwide
June,OCS-A 0541,2.2799034789204725e-4,Coastwide
March,OCS-A 0541,6.92447423934939e-4,Coastwide
May,OCS-A 0541,4.708900526165964e-4,Coastwide
November,OCS-A 0541,1.6587531939148923e-4,Coastwide
October,OCS-A 0541,8.842982351779945e-5,Coastwide
September,OCS-A 0541,2.8367161750793496e-5,Coastwide
April,OCS-A 0542,0.0014708417057991028,0km
August,OCS-A 0542,4.5364917255938056e-5,0km
December,OCS-A 0542,5.291843973100185e-4,0km
February,OCS-A 0542,0.0016905728429555894,0km
January,OCS-A 0542,0.0014060530960559843,0km
July,OCS-A 0542,4.340372048318386e-5,0km
June,OCS-A 0542,9.736139699816704e-5,0km
March,OCS-A 0542,0.0018316273242235184,0km
May,OCS-A 0542,4.212271645665169e-4,0km
November,OCS-A 0542,2.4886652827262875e-4,0km
October,OCS-A 0542,1.3807919714599846e-4,0km
September,OCS-A 0542,6.874145241454245e-5,0km
April,OCS-A 0542,0.001499876081943512,10km
August,OCS-A 0542,4.5761549845337864e-5,10km
December,OCS-A 0542,5.40076233446598e-4,10km
February,OCS-A 0542,0.001692592054605484,10km
January,OCS-A 0542,0.0014088787138462067,10km
July,OCS-A 0542,4.247008822858334e-5,10km
June,OCS-A 0542,9.75155457854271e-5,10km
March,OCS-A 0542,0.0018303018808364868,10km
May,OCS-A 0542,4.3293844908475875e-4,10km
November,OCS-A 0542,2.4587567895650864e-4,10km
October,OCS-A 0542,1.3687043450772763e-4,10km
September,OCS-A 0542,6.716305855661631e-5,10km
April,OCS-A 0542,0.0015505633652210236,40km
August,OCS-A 0542,4.329065885394813e-5,40km
December,OCS-A 0542,5.050020851194858e-4,40km
February,OCS-A 0542,0.0016019270718097686,40km
January,OCS-A 0542,0.0013190585821866991,40km
July,OCS-A 0542,4.3251738417893654e-5,40km
June,OCS-A 0542,1.1440817452967167e-4,40km
March,OCS-A 0542,0.0017518848776817322,40km
May,OCS-A 0542,4.6640878543257724e-4,40km
November,OCS-A 0542,2.3157886043190958e-4,40km
October,OCS-A 0542,1.3693605829030275e-4,40km
September,OCS-A 0542,6.850060587748886e-5,40km
April,OCS-A 0542,0.0012885351032018663,Mid-Atlantic
August,OCS-A 0542,3.5086661344394087e-5,Mid-Atlantic
December,OCS-A 0542,4.649867080152035e-4,Mid-Atlantic
February,OCS-A 0542,0.0012945565581321727,Mid-Atlantic
January,OCS-A 0542,0.0010082354918122295,Mid-Atlantic
July,OCS-A 0542,3.8095471682026994e-5,Mid-Atlantic
June,OCS-A 0542,9.921227674931292e-5,Mid-Atlantic
March,OCS-A 0542,0.0013666064739227299,Mid-Atlantic
May,OCS-A 0542,3.692722246050835e-4,Mid-Atlantic
November,OCS-A 0542,1.97953000664711e-4,Mid-Atlantic
October,OCS-A 0542,1.1755478195846083e-4,Mid-Atlantic
September,OCS-A 0542,6.022970238700511e-5,Mid-Atlantic
April,OCS-A 0542,6.251534968614585e-4,Coastwide
August,OCS-A 0542,2.5694259908050318e-5,Coastwide
December,OCS-A 0542,3.850823715329172e-4,Coastwide
February,OCS-A 0542,8.360975086688999e-4,Coastwide
January,OCS-A 0542,7.37328350543976e-4,Coastwide
July,OCS-A 0542,1.853387132287029e-4,Coastwide
June,OCS-A 0542,2.2799034789204725e-4,Coastwide
March,OCS-A 0542,6.92447423934939e-4,Coastwide
May,OCS-A 0542,4.708900526165964e-4,Coastwide
November,OCS-A 0542,1.6587531939148923e-4,Coastwide
October,OCS-A 0542,8.842982351779945e-5,Coastwide
September,OCS-A 0542,2.8367161750793496e-5,Coastwide
April,OCS-A 0499,5.11906798928976e-4,0km
August,OCS-A 0499,1.2006090255454182e-5,0km
December,OCS-A 0499,4.8122618347406387e-4,0km
February,OCS-A 0499,8.884062245488166e-4,0km
January,OCS-A 0499,7.859133929014207e-4,0km
July,OCS-A 0499,1.3382882461883127e-5,0km
June,OCS-A 0499,3.1024615745991467e-5,0km
March,OCS-A 0499,6.257943436503411e-4,0km
May,OCS-A 0499,1.1234571225941182e-4,0km
November,OCS-A 0499,1.3964304700493811e-4,0km
October,OCS-A 0499,4.078729078173638e-5,0km
September,OCS-A 0499,1.8996878061443568e-5,0km
April,OCS-A 0499,5.398178100585938e-4,10km
August,OCS-A 0499,1.3137609697878362e-5,10km
December,OCS-A 0499,6.673659086227418e-4,10km
February,OCS-A 0499,9.717842489480972e-4,10km
January,OCS-A 0499,0.0013027622997760773,10km
July,OCS-A 0499,1.3956351904198527e-5,10km
June,OCS-A 0499,3.114914149045944e-5,10km
March,OCS-A 0499,7.043862938880921e-4,10km
May,OCS-A 0499,1.1805072613060475e-4,10km
November,OCS-A 0499,1.8346557021141054e-4,10km
October,OCS-A 0499,4.727878235280514e-5,10km
September,OCS-A 0499,2.0295856054872275e-5,10km
April,OCS-A 0499,0.001290068328380585,40km
August,OCS-A 0499,3.162621194496751e-5,40km
December,OCS-A 0499,5.902258753776551e-4,40km
February,OCS-A 0499,0.001582481116056443,40km
January,OCS-A 0499,0.0013917428255081177,40km
July,OCS-A 0499,3.337301826104522e-5,40km
June,OCS-A 0499,8.425794169306756e-5,40km
March,OCS-A 0499,0.0017012711167335517,40km
May,OCS-A 0499,3.15076503902674e-4,40km
November,OCS-A 0499,2.2422134131193163e-4,40km
October,OCS-A 0499,1.1424433812499053e-4,40km
September,OCS-A 0499,5.8044529519975206e-5,40km
April,OCS-A 0499,0.0012885351032018663,Mid-Atlantic
August,OCS-A 0499,3.5086661344394087e-5,Mid-Atlantic
December,OCS-A 0499,4.649867080152035e-4,Mid-Atlantic
February,OCS-A 0499,0.0012945565581321727,Mid-Atlantic
January,OCS-A 0499,0.0010082354918122295,Mid-Atlantic
July,OCS-A 0499,3.8095471682026994e-5,Mid-Atlantic
June,OCS-A 0499,9.921227674931292e-5,Mid-Atlantic
March,OCS-A 0499,0.0013666064739227299,Mid-Atlantic
May,OCS-A 0499,3.692722246050835e-4,Mid-Atlantic
November,OCS-A 0499,1.97953000664711e-4,Mid-Atlantic
October,OCS-A 0499,1.1755478195846083e-4,Mid-Atlantic
September,OCS-A 0499,6.022970238700511e-5,Mid-Atlantic
April,OCS-A 0499,6.251534968614585e-4,Coastwide
August,OCS-A 0499,2.5694259908050318e-5,Coastwide
December,OCS-A 0499,3.850823715329172e-4,Coastwide
February,OCS-A 0499,8.360975086688999e-4,Coastwide
January,OCS-A 0499,7.37328350543976e-4,Coastwide
July,OCS-A 0499,1.853387132287029e-4,Coastwide
June,OCS-A 0499,2.2799034789204725e-4,Coastwide
March,OCS-A 0499,6.92447423934939e-4,Coastwide
May,OCS-A 0499,4.708900526165964e-4,Coastwide
November,OCS-A 0499,1.6587531939148923e-4,Coastwide
October,OCS-A 0499,8.842982351779945e-5,Coastwide
September,OCS-A 0499,2.8367161750793496e-5,Coastwide
April,OCS-A 0498,5.335639826953411e-4,0km
August,OCS-A 0498,1.3645900296978653e-5,0km
December,OCS-A 0498,4.0131210908293726e-4,0km
February,OCS-A 0498,7.746756151318551e-4,0km
January,OCS-A 0498,5.909483134746552e-4,0km
July,OCS-A 0498,1.4125618850812315e-5,0km
June,OCS-A 0498,3.1592738116160036e-5,0km
March,OCS-A 0498,6.19399607181549e-4,0km
May,OCS-A 0498,1.1464669741690159e-4,0km
November,OCS-A 0498,8.744227886199951e-5,0km
October,OCS-A 0498,3.6575190490111716e-5,0km
September,OCS-A 0498,1.7741354182362558e-5,0km
April,OCS-A 0498,5.498539060354232e-4,10km
August,OCS-A 0498,1.3280292856507004e-5,10km
December,OCS-A 0498,5.080111362040043e-4,10km
February,OCS-A 0498,9.836715087294578e-4,10km
January,OCS-A 0498,0.0012690565213561058,10km
July,OCS-A 0498,1.3833794160746038e-5,10km
June,OCS-A 0498,3.1363030197098854e-5,10km
March,OCS-A 0498,7.043432220816612e-4,10km
May,OCS-A 0498,1.1478474643081427e-4,10km
November,OCS-A 0498,1.7637520655989648e-4,10km
October,OCS-A 0498,4.294394142925739e-5,10km
September,OCS-A 0498,1.982705295085907e-5,10km
April,OCS-A 0498,0.0012163559198379514,40km
August,OCS-A 0498,2.9988718219101425e-5,40km
December,OCS-A 0498,7.022147625684739e-4,40km
February,OCS-A 0498,0.0015389974415302276,40km
January,OCS-A 0498,0.001454105973243713,40km
July,OCS-A 0498,2.894174400717019e-5,40km
June,OCS-A 0498,8.111613430082796e-5,40km
March,OCS-A 0498,0.00163467800617218,40km
May,OCS-A 0498,2.875860407948493e-4,40km
November,OCS-A 0498,2.347760759294033e-4,40km
October,OCS-A 0498,1.0710803419351577e-4,40km
September,OCS-A 0498,5.2796863019466384e-5,40km
April,OCS-A 0498,0.0012885351032018663,Mid-Atlantic
August,OCS-A 0498,3.5086661344394087e-5,Mid-Atlantic
December,OCS-A 0498,4.649867080152035e-4,Mid-Atlantic
February,OCS-A 0498,0.0012945565581321727,Mid-Atlantic
January,OCS-A 0498,0.0010082354918122295,Mid-Atlantic
July,OCS-A 0498,3.8095471682026994e-5,Mid-Atlantic
June,OCS-A 0498,9.921227674931292e-5,Mid-Atlantic
March,OCS-A 0498,0.0013666064739227299,Mid-Atlantic
May,OCS-A 0498,3.692722246050835e-4,Mid-Atlantic
November,OCS-A 0498,1.97953000664711e-4,Mid-Atlantic
October,OCS-A 0498,1.1755478195846083e-4,Mid-Atlantic
September,OCS-A 0498,6.022970238700511e-5,Mid-Atlantic
April,OCS-A 0498,6.251534968614585e-4,Coastwide
August,OCS-A 0498,2.5694259908050318e-5,Coastwide
December,OCS-A 0498,3.850823715329172e-4,Coastwide
February,OCS-A 0498,8.360975086688999e-4,Coastwide
January,OCS-A 0498,7.37328350543976e-4,Coastwide
July,OCS-A 0498,1.853387132287029e-4,Coastwide
June,OCS-A 0498,2.2799034789204725e-4,Coastwide
March,OCS-A 0498,6.92447423934939e-4,Coastwide
May,OCS-A 0498,4.708900526165964e-4,Coastwide
November,OCS-A 0498,1.6587531939148923e-4,Coastwide
October,OCS-A 0498,8.842982351779945e-5,Coastwide
September,OCS-A 0498,2.8367161750793496e-5,Coastwide
April,OCS-A 0532,5.356258451938629e-4,0km
August,OCS-A 0532,1.3439179048873485e-5,0km
December,OCS-A 0532,4.628914073109626e-4,0km
February,OCS-A 0532,9.517923146486281e-4,0km
January,OCS-A 0532,0.0014529993385076522,0km
July,OCS-A 0532,1.3335165684111416e-5,0km
June,OCS-A 0532,3.0768833123147484e-5,0km
March,OCS-A 0532,6.282423809170723e-4,0km
May,OCS-A 0532,1.08865262940526e-4,0km
November,OCS-A 0532,1.7312612384557722e-4,0km
October,OCS-A 0532,4.485139017924667e-5,0km
September,OCS-A 0532,1.7558349180035293e-5,0km
April,OCS-A 0532,5.545529909431934e-4,10km
August,OCS-A 0532,1.3215547078289091e-5,10km
December,OCS-A 0532,7.013751566410065e-4,10km
February,OCS-A 0532,0.0011511665210127832,10km
January,OCS-A 0532,0.0014917846769094468,10km
July,OCS-A 0532,1.4016457716934383e-5,10km
June,OCS-A 0532,3.162011969834566e-5,10km
March,OCS-A 0532,6.831496953964233e-4,10km
May,OCS-A 0532,1.1396072339266538e-4,10km
November,OCS-A 0532,2.0383481867611408e-4,10km
October,OCS-A 0532,5.038313567638397e-5,10km
September,OCS-A 0532,1.8916052067652344e-5,10km
April,OCS-A 0532,0.001035158708691597,40km
August,OCS-A 0532,2.470801817253232e-5,40km
December,OCS-A 0532,8.750054985284805e-4,40km
February,OCS-A 0532,0.0014602623134851455,40km
January,OCS-A 0532,0.0015280456095933914,40km
July,OCS-A 0532,2.6548459427431226e-5,40km
June,OCS-A 0532,6.58948626369238e-5,40km
March,OCS-A 0532,0.0013812439888715743,40km
May,OCS-A 0532,2.3531226441264152e-4,40km
November,OCS-A 0532,2.4074668064713478e-4,40km
October,OCS-A 0532,1.0382811073213815e-4,40km
September,OCS-A 0532,4.4948889408260586e-5,40km
April,OCS-A 0532,0.0012885351032018663,Mid-Atlantic
August,OCS-A 0532,3.5086661344394087e-5,Mid-Atlantic
December,OCS-A 0532,4.649867080152035e-4,Mid-Atlantic
February,OCS-A 0532,0.0012945565581321727,Mid-Atlantic
January,OCS-A 0532,0.0010082354918122295,Mid-Atlantic
July,OCS-A 0532,3.8095471682026994e-5,Mid-Atlantic
June,OCS-A 0532,9.921227674931292e-5,Mid-Atlantic
March,OCS-A 0532,0.0013666064739227299,Mid-Atlantic
May,OCS-A 0532,3.692722246050835e-4,Mid-Atlantic
November,OCS-A 0532,1.97953000664711e-4,Mid-Atlantic
October,OCS-A 0532,1.1755478195846083e-4,Mid-Atlantic
September,OCS-A 0532,6.022970238700511e-5,Mid-Atlantic
April,OCS-A 0532,6.251534968614585e-4,Coastwide
August,OCS-A 0532,2.5694259908050318e-5,Coastwide
December,OCS-A 0532,3.850823715329172e-4,Coastwide
February,OCS-A 0532,8.360975086688999e-4,Coastwide
January,OCS-A 0532,7.37328350543976e-4,Coastwide
July,OCS-A 0532,1.853387132287029e-4,Coastwide
June,OCS-A 0532,2.2799034789204725e-4,Coastwide
March,OCS-A 0532,6.92447423934939e-4,Coastwide
May,OCS-A 0532,4.708900526165964e-4,Coastwide
November,OCS-A 0532,1.6587531939148923e-4,Coastwide
October,OCS-A 0532,8.842982351779945e-5,Coastwide
September,OCS-A 0532,2.8367161750793496e-5,Coastwide
April,OCS-A 0482,4.948658794164658e-4,0km
August,OCS-A 0482,1.4482848346233368e-5,0km
December,OCS-A 0482,0.0010271981060504915,0km
February,OCS-A 0482,0.0012631002068519595,0km
January,OCS-A 0482,0.0017171441912651065,0km
July,OCS-A 0482,2.2760193794965748e-5,0km
June,OCS-A 0482,4.339098371565343e-5,0km
March,OCS-A 0482,6.303358823060989e-4,0km
May,OCS-A 0482,9.323595836758613e-5,0km
November,OCS-A 0482,2.708496265113354e-4,0km
October,OCS-A 0482,6.95059821009636e-5,0km
September,OCS-A 0482,2.7991755865514283e-5,0km
April,OCS-A 0482,5.418316423892975e-4,10km
August,OCS-A 0482,1.5907778171822426e-5,10km
December,OCS-A 0482,0.0013934194147586822,10km
February,OCS-A 0482,0.00160932931303978,10km
January,OCS-A 0482,0.0021545099318027497,10km
July,OCS-A 0482,3.0342599377036097e-5,10km
June,OCS-A 0482,4.823220893740654e-5,10km
March,OCS-A 0482,8.613215982913971e-4,10km
May,OCS-A 0482,1.0582939349114895e-4,10km
November,OCS-A 0482,3.245854377746582e-4,10km
October,OCS-A 0482,1.114734336733818e-4,10km
September,OCS-A 0482,3.5189151763916014e-5,10km
April,OCS-A 0482,0.0011907247006893158,40km
August,OCS-A 0482,2.8582431841641665e-5,40km
December,OCS-A 0482,0.0011270893141627312,40km
February,OCS-A 0482,0.001617925226688385,40km
January,OCS-A 0482,0.0019369357228279115,40km
July,OCS-A 0482,3.079154784791172e-5,40km
June,OCS-A 0482,7.880800124257803e-5,40km
March,OCS-A 0482,0.0016096168011426927,40km
May,OCS-A 0482,2.458641938865185e-4,40km
November,OCS-A 0482,2.9249005205929276e-4,40km
October,OCS-A 0482,1.1067157704383134e-4,40km
September,OCS-A 0482,5.050382763147355e-5,40km
April,OCS-A 0482,0.0012885351032018663,Mid-Atlantic
August,OCS-A 0482,3.5086661344394087e-5,Mid-Atlantic
December,OCS-A 0482,4.649867080152035e-4,Mid-Atlantic
February,OCS-A 0482,0.0012945565581321727,Mid-Atlantic
January,OCS-A 0482,0.0010082354918122295,Mid-Atlantic
July,OCS-A 0482,3.8095471682026994e-5,Mid-Atlantic
June,OCS-A 0482,9.921227674931292e-5,Mid-Atlantic
March,OCS-A 0482,0.0013666064739227299,Mid-Atlantic
May,OCS-A 0482,3.692722246050835e-4,Mid-Atlantic
November,OCS-A 0482,1.97953000664711e-4,Mid-Atlantic
October,OCS-A 0482,1.1755478195846083e-4,Mid-Atlantic
September,OCS-A 0482,6.022970238700511e-5,Mid-Atlantic
April,OCS-A 0482,6.251534968614585e-4,Coastwide
August,OCS-A 0482,2.5694259908050318e-5,Coastwide
December,OCS-A 0482,3.850823715329172e-4,Coastwide
February,OCS-A 0482,8.360975086688999e-4,Coastwide
January,OCS-A 0482,7.37328350543976e-4,Coastwide
July,OCS-A 0482,1.853387132287029e-4,Coastwide
June,OCS-A 0482,2.2799034789204725e-4,Coastwide
March,OCS-A 0482,6.92447423934939e-4,Coastwide
May,OCS-A 0482,4.708900526165964e-4,Coastwide
November,OCS-A 0482,1.6587531939148923e-4,Coastwide
October,OCS-A 0482,8.842982351779945e-5,Coastwide
September,OCS-A 0482,2.8367161750793496e-5,Coastwide
April,OCS-A 0519,4.5133811980485914e-4,0km
August,OCS-A 0519,1.1318295961245895e-5,0km
December,OCS-A 0519,3.084719702601433e-4,0km
February,OCS-A 0519,7.625202983617782e-4,0km
January,OCS-A 0519,6.872092634439468e-4,0km
July,OCS-A 0519,1.271600998006761e-5,0km
June,OCS-A 0519,2.751644188538194e-5,0km
March,OCS-A 0519,5.768722966313362e-4,0km
May,OCS-A 0519,8.066539280116558e-5,0km
November,OCS-A 0519,1.0551108606159687e-4,0km
October,OCS-A 0519,2.9839876573532822e-5,0km
September,OCS-A 0519,1.5429753810167313e-5,0km
April,OCS-A 0519,5.461030751466752e-4,10km
August,OCS-A 0519,1.3689597602933644e-5,10km
December,OCS-A 0519,6.440858244895935e-4,10km
February,OCS-A 0519,9.784295558929444e-4,10km
January,OCS-A 0519,0.0011472396552562713,10km
July,OCS-A 0519,1.7175923101603986e-5,10km
June,OCS-A 0519,3.573904978111387e-5,10km
March,OCS-A 0519,7.560308128595353e-4,10km
May,OCS-A 0519,1.0162650421261787e-4,10km
November,OCS-A 0519,1.7777639254927636e-4,10km
October,OCS-A 0519,4.9690616317093376e-5,10km
September,OCS-A 0519,2.2400720044970516e-5,10km
April,OCS-A 0519,0.0011983679234981537,40km
August,OCS-A 0519,2.9036609455943108e-5,40km
December,OCS-A 0519,0.0011587969139218333,40km
February,OCS-A 0519,0.0016813108175992965,40km
January,OCS-A 0519,0.0018527613282203674,40km
July,OCS-A 0519,3.0825293622910976e-5,40km
June,OCS-A 0519,8.031982369720936e-5,40km
March,OCS-A 0519,0.0016219895035028459,40km
May,OCS-A 0519,2.458641938865185e-4,40km
November,OCS-A 0519,2.9216565750539306e-4,40km
October,OCS-A 0519,1.0871281009167434e-4,40km
September,OCS-A 0519,5.056104110553861e-5,40km
April,OCS-A 0519,0.0012885351032018663,Mid-Atlantic
August,OCS-A 0519,3.5086661344394087e-5,Mid-Atlantic
December,OCS-A 0519,4.649867080152035e-4,Mid-Atlantic
February,OCS-A 0519,0.0012945565581321727,Mid-Atlantic
January,OCS-A 0519,0.0010082354918122295,Mid-Atlantic
July,OCS-A 0519,3.8095471682026994e-5,Mid-Atlantic
June,OCS-A 0519,9.921227674931292e-5,Mid-Atlantic
March,OCS-A 0519,0.0013666064739227299,Mid-Atlantic
May,OCS-A 0519,3.692722246050835e-4,Mid-Atlantic
November,OCS-A 0519,1.97953000664711e-4,Mid-Atlantic
October,OCS-A 0519,1.1755478195846083e-4,Mid-Atlantic
September,OCS-A 0519,6.022970238700511e-5,Mid-Atlantic
April,OCS-A 0519,6.251534968614585e-4,Coastwide
August,OCS-A 0519,2.5694259908050318e-5,Coastwide
December,OCS-A 0519,3.850823715329172e-4,Coastwide
February,OCS-A 0519,8.360975086688999e-4,Coastwide
January,OCS-A 0519,7.37328350543976e-4,Coastwide
July,OCS-A 0519,1.853387132287029e-4,Coastwide
June,OCS-A 0519,2.2799034789204725e-4,Coastwide
March,OCS-A 0519,6.92447423934939e-4,Coastwide
May,OCS-A 0519,4.708900526165964e-4,Coastwide
November,OCS-A 0519,1.6587531939148923e-4,Coastwide
October,OCS-A 0519,8.842982351779945e-5,Coastwide
September,OCS-A 0519,2.8367161750793496e-5,Coastwide
April,OCS-A 0490,5.939648523926736e-4,0km
August,OCS-A 0490,1.4098463114351036e-5,0km
December,OCS-A 0490,4.049714021384716e-4,0km
February,OCS-A 0490,8.53940509259701e-4,0km
January,OCS-A 0490,7.762773931026458e-4,0km
July,OCS-A 0490,1.4106090529821817e-5,0km
June,OCS-A 0490,3.3827248727902776e-5,0km
March,OCS-A 0490,8.14673274755478e-4,0km
May,OCS-A 0490,1.0127280652523043e-4,0km
November,OCS-A 0490,1.1611848324537277e-4,0km
October,OCS-A 0490,4.3400794733315714e-5,0km
September,OCS-A 0490,2.2256040363572543e-5,0km
April,OCS-A 0490,0.0010735187605023385,10km
August,OCS-A 0490,2.6468721218407158e-5,10km
December,OCS-A 0490,6.090037114918232e-4,10km
February,OCS-A 0490,0.0015801363587379456,10km
January,OCS-A 0490,0.001212609224021435,10km
July,OCS-A 0490,2.635652106255293e-5,10km
June,OCS-A 0490,6.34086593054235e-5,10km
March,OCS-A 0490,0.0014874065071344377,10km
May,OCS-A 0490,1.9515461660921576e-4,10km
November,OCS-A 0490,1.8740685656666757e-4,10km
October,OCS-A 0490,8.397743012756109e-5,10km
September,OCS-A 0490,4.294849233701826e-5,10km
April,OCS-A 0490,0.0011943944543600083,40km
August,OCS-A 0490,2.9181701596826314e-5,40km
December,OCS-A 0490,7.173618972301488e-4,40km
February,OCS-A 0490,0.0016808950901031497,40km
January,OCS-A 0490,0.0013321224451065064,40km
July,OCS-A 0490,3.143925732001662e-5,40km
June,OCS-A 0490,8.216876350343227e-5,40km
March,OCS-A 0490,0.0016414246261119844,40km
May,OCS-A 0490,2.4808853864669803e-4,40km
November,OCS-A 0490,2.2603578865528114e-4,40km
October,OCS-A 0490,1.0163448005914689e-4,40km
September,OCS-A 0490,5.071117449551821e-5,40km
April,OCS-A 0490,0.0012885351032018663,Mid-Atlantic
August,OCS-A 0490,3.5086661344394087e-5,Mid-Atlantic
December,OCS-A 0490,4.649867080152035e-4,Mid-Atlantic
February,OCS-A 0490,0.0012945565581321727,Mid-Atlantic
January,OCS-A 0490,0.0010082354918122295,Mid-Atlantic
July,OCS-A 0490,3.8095471682026994e-5,Mid-Atlantic
June,OCS-A 0490,9.921227674931292e-5,Mid-Atlantic
March,OCS-A 0490,0.0013666064739227299,Mid-Atlantic
May,OCS-A 0490,3.692722246050835e-4,Mid-Atlantic
November,OCS-A 0490,1.97953000664711e-4,Mid-Atlantic
October,OCS-A 0490,1.1755478195846083e-4,Mid-Atlantic
September,OCS-A 0490,6.022970238700511e-5,Mid-Atlantic
April,OCS-A 0490,6.251534968614585e-4,Coastwide
August,OCS-A 0490,2.5694259908050318e-5,Coastwide
December,OCS-A 0490,3.850823715329172e-4,Coastwide
February,OCS-A 0490,8.360975086688999e-4,Coastwide
January,OCS-A 0490,7.37328350543976e-4,Coastwide
July,OCS-A 0490,1.853387132287029e-4,Coastwide
June,OCS-A 0490,2.2799034789204725e-4,Coastwide
March,OCS-A 0490,6.92447423934939e-4,Coastwide
May,OCS-A 0490,4.708900526165964e-4,Coastwide
November,OCS-A 0490,1.6587531939148923e-4,Coastwide
October,OCS-A 0490,8.842982351779945e-5,Coastwide
September,OCS-A 0490,2.8367161750793496e-5,Coastwide
April,OCS-A 0483,8.890592977404594e-4,0km
August,OCS-A 0483,3.461996745318174e-5,0km
December,OCS-A 0483,4.3903952091932304e-4,0km
February,OCS-A 0483,0.0015217355638742448,0km
January,OCS-A 0483,0.001055427774786949,0km
July,OCS-A 0483,3.0060032382607463e-5,0km
June,OCS-A 0483,5.859810253605247e-5,0km
March,OCS-A 0483,0.0014466309547424316,0km
May,OCS-A 0483,1.804133728146553e-4,0km
November,OCS-A 0483,1.7432685010135174e-4,0km
October,OCS-A 0483,7.559145940467716e-5,0km
September,OCS-A 0483,4.718038439750671e-5,0km
April,OCS-A 0483,8.884452879428864e-4,10km
August,OCS-A 0483,3.4544747089967134e-5,10km
December,OCS-A 0483,5.865438990294936e-4,10km
February,OCS-A 0483,0.0015167331397533414,10km
January,OCS-A 0483,0.0012437483966350558,10km
July,OCS-A 0483,3.075451776385307e-5,10km
June,OCS-A 0483,5.937853129580618e-5,10km
March,OCS-A 0483,0.0014971192032098772,10km
May,OCS-A 0483,1.8066364526748657e-4,10km
November,OCS-A 0483,2.1238403022289285e-4,10km
October,OCS-A 0483,7.833309238776566e-5,10km
September,OCS-A 0483,4.770475765690208e-5,10km
April,OCS-A 0483,8.569683879613877e-4,40km
August,OCS-A 0483,3.1754300696775315e-5,40km
December,OCS-A 0483,7.641002535820009e-4,40km
February,OCS-A 0483,0.0014048537313938142,40km
January,OCS-A 0483,0.001566761091351509,40km
July,OCS-A 0483,3.092080866917968e-5,40km
June,OCS-A 0483,5.985318869352341e-5,40km
March,OCS-A 0483,0.0014126073122024537,40km
May,OCS-A 0483,1.7381258122622968e-4,40km
November,OCS-A 0483,2.483269013464451e-4,40km
October,OCS-A 0483,9.19733252376318e-5,40km
September,OCS-A 0483,4.52717375010252e-5,40km
April,OCS-A 0483,0.0012885351032018663,Mid-Atlantic
August,OCS-A 0483,3.5086661344394087e-5,Mid-Atlantic
December,OCS-A 0483,4.649867080152035e-4,Mid-Atlantic
February,OCS-A 0483,0.0012945565581321727,Mid-Atlantic
January,OCS-A 0483,0.0010082354918122295,Mid-Atlantic
July,OCS-A 0483,3.8095471682026994e-5,Mid-Atlantic
June,OCS-A 0483,9.921227674931292e-5,Mid-Atlantic
March,OCS-A 0483,0.0013666064739227299,Mid-Atlantic
May,OCS-A 0483,3.692722246050835e-4,Mid-Atlantic
November,OCS-A 0483,1.97953000664711e-4,Mid-Atlantic
October,OCS-A 0483,1.1755478195846083e-4,Mid-Atlantic
September,OCS-A 0483,6.022970238700511e-5,Mid-Atlantic
April,OCS-A 0483,6.251534968614585e-4,Coastwide
August,OCS-A 0483,2.5694259908050318e-5,Coastwide
December,OCS-A 0483,3.850823715329172e-4,Coastwide
February,OCS-A 0483,8.360975086688999e-4,Coastwide
January,OCS-A 0483,7.37328350543976e-4,Coastwide
July,OCS-A 0483,1.853387132287029e-4,Coastwide
June,OCS-A 0483,2.2799034789204725e-4,Coastwide
March,OCS-A 0483,6.92447423934939e-4,Coastwide
May,OCS-A 0483,4.708900526165964e-4,Coastwide
November,OCS-A 0483,1.6587531939148923e-4,Coastwide
October,OCS-A 0483,8.842982351779945e-5,Coastwide
September,OCS-A 0483,2.8367161750793496e-5,Coastwide
April,OCS-A 0508,2.401187811046839e-4,0km
August,OCS-A 0508,1.1036683223210275e-5,0km
December,OCS-A 0508,1.372892400249839e-4,0km
February,OCS-A 0508,4.5609642565250404e-4,0km
January,OCS-A 0508,2.845768183469773e-4,0km
July,OCS-A 0508,1.048376609105617e-5,0km
June,OCS-A 0508,1.9370756810531022e-5,0km
March,OCS-A 0508,4.5188405364751823e-4,0km
May,OCS-A 0508,5.75360143557191e-5,0km
November,OCS-A 0508,5.617453576996924e-5,0km
October,OCS-A 0508,2.4005571380257607e-5,0km
September,OCS-A 0508,1.4860768802464012e-5,0km
April,OCS-A 0508,3.9020199328660966e-4,10km
August,OCS-A 0508,1.6602135729044677e-5,10km
December,OCS-A 0508,2.0441934466362e-4,10km
February,OCS-A 0508,7.376978546380997e-4,10km
January,OCS-A 0508,5.103892832994461e-4,10km
July,OCS-A 0508,1.515984651632607e-5,10km
June,OCS-A 0508,2.8736370149999858e-5,10km
March,OCS-A 0508,6.568234413862229e-4,10km
May,OCS-A 0508,8.36174376308918e-5,10km
November,OCS-A 0508,8.221703581511974e-5,10km
October,OCS-A 0508,3.5017593763768676e-5,10km
September,OCS-A 0508,2.2173610050231217e-5,10km
April,OCS-A 0508,5.089336782693863e-4,40km
August,OCS-A 0508,2.232170896604658e-5,40km
December,OCS-A 0508,4.01677142828703e-4,40km
February,OCS-A 0508,0.0010121609270572663,40km
January,OCS-A 0508,0.0010188307762145996,40km
July,OCS-A 0508,1.9927056273445485e-5,40km
June,OCS-A 0508,3.917681379243733e-5,40km
March,OCS-A 0508,9.083204343914986e-4,40km
May,OCS-A 0508,1.0469262022525072e-4,40km
November,OCS-A 0508,1.4594704471528532e-4,40km
October,OCS-A 0508,5.04226670600474e-5,40km
September,OCS-A 0508,3.018685383722186e-5,40km
April,OCS-A 0508,0.0012885351032018663,Mid-Atlantic
August,OCS-A 0508,3.5086661344394087e-5,Mid-Atlantic
December,OCS-A 0508,4.649867080152035e-4,Mid-Atlantic
February,OCS-A 0508,0.0012945565581321727,Mid-Atlantic
January,OCS-A 0508,0.0010082354918122295,Mid-Atlantic
July,OCS-A 0508,3.8095471682026994e-5,Mid-Atlantic
June,OCS-A 0508,9.921227674931292e-5,Mid-Atlantic
March,OCS-A 0508,0.0013666064739227299,Mid-Atlantic
May,OCS-A 0508,3.692722246050835e-4,Mid-Atlantic
November,OCS-A 0508,1.97953000664711e-4,Mid-Atlantic
October,OCS-A 0508,1.1755478195846083e-4,Mid-Atlantic
September,OCS-A 0508,6.022970238700511e-5,Mid-Atlantic
April,OCS-A 0508,6.251534968614585e-4,Coastwide
August,OCS-A 0508,2.5694259908050318e-5,Coastwide
December,OCS-A 0508,3.850823715329172e-4,Coastwide
February,OCS-A 0508,8.360975086688999e-4,Coastwide
January,OCS-A 0508,7.37328350543976e-4,Coastwide
July,OCS-A 0508,1.853387132287029e-4,Coastwide
June,OCS-A 0508,2.2799034789204725e-4,Coastwide
March,OCS-A 0508,6.92447423934939e-4,Coastwide
May,OCS-A 0508,4.708900526165964e-4,Coastwide
November,OCS-A 0508,1.6587531939148923e-4,Coastwide
October,OCS-A 0508,8.842982351779945e-5,Coastwide
September,OCS-A 0508,2.8367161750793496e-5,Coastwide
April,OCS-A 0545,3.843524027615785e-5,0km
August,OCS-A 0545,0,0km
December,OCS-A 0545,8.626844454556702e-5,0km
February,OCS-A 0545,2.3073267005383966e-4,0km
January,OCS-A 0545,1.8441833555698391e-4,0km
July,OCS-A 0545,0,0km
June,OCS-A 0545,0,0km
March,OCS-A 0545,2.0953480340540404e-4,0km
May,OCS-A 0545,1.9675660296343268e-5,0km
November,OCS-A 0545,1.4198478078469631e-5,0km
October,OCS-A 0545,1.5732571948319673e-5,0km
September,OCS-A 0545,0,0km
April,OCS-A 0545,7.583669852465391e-5,10km
August,OCS-A 0545,0,10km
December,OCS-A 0545,2.3210827820003036e-4,10km
February,OCS-A 0545,3.6209522187709807e-4,10km
January,OCS-A 0545,3.9963770285248763e-4,10km
July,OCS-A 0545,0,10km
June,OCS-A 0545,0,10km
March,OCS-A 0545,4.217644184827805e-4,10km
May,OCS-A 0545,2.485743910074234e-5,10km
November,OCS-A 0545,3.452993347309531e-5,10km
October,OCS-A 0545,2.411398501135409e-5,10km
September,OCS-A 0545,0,10km
April,OCS-A 0545,1.9649692997336386e-4,40km
August,OCS-A 0545,0,40km
December,OCS-A 0545,8.260923251509668e-4,40km
February,OCS-A 0545,5.887977927923202e-4,40km
January,OCS-A 0545,8.116557225584986e-4,40km
July,OCS-A 0545,0,40km
June,OCS-A 0545,0,40km
March,OCS-A 0545,8.709821477532389e-4,40km
May,OCS-A 0545,4.1045643389225005e-5,40km
November,OCS-A 0545,1.5585945453494787e-4,40km
October,OCS-A 0545,5.880378745496274e-5,40km
September,OCS-A 0545,0,40km
April,OCS-A 0545,3.25596863403917e-5,Southeast
August,OCS-A 0545,0,Southeast
December,OCS-A 0545,5.055450787767806e-5,Southeast
February,OCS-A 0545,1.6609481722116483e-4,Southeast
January,OCS-A 0545,1.1270773131400349e-4,Southeast
July,OCS-A 0545,0,Southeast
June,OCS-A 0545,0,Southeast
March,OCS-A 0545,1.0012900922447565e-4,Southeast
May,OCS-A 0545,2.5395779404789237e-5,Southeast
November,OCS-A 0545,2.0852362737059607e-5,Southeast
October,OCS-A 0545,3.0091033084318065e-5,Southeast
September,OCS-A 0545,0,Southeast
April,OCS-A 0545,6.251534968614585e-4,Coastwide
August,OCS-A 0545,2.5694259908050318e-5,Coastwide
December,OCS-A 0545,3.850823715329172e-4,Coastwide
February,OCS-A 0545,8.360975086688999e-4,Coastwide
January,OCS-A 0545,7.37328350543976e-4,Coastwide
July,OCS-A 0545,1.853387132287029e-4,Coastwide
June,OCS-A 0545,2.2799034789204725e-4,Coastwide
March,OCS-A 0545,6.92447423934939e-4,Coastwide
May,OCS-A 0545,4.708900526165964e-4,Coastwide
November,OCS-A 0545,1.6587531939148923e-4,Coastwide
October,OCS-A 0545,8.842982351779945e-5,Coastwide
September,OCS-A 0545,2.8367161750793496e-5,Coastwide
April,OCS-A 0546,3.420118335634469e-5,0km
August,OCS-A 0546,0,0km
December,OCS-A 0546,7.59909842163324e-5,0km
February,OCS-A 0546,2.2196024283766745e-4,0km
January,OCS-A 0546,1.6647773981094352e-4,0km
July,OCS-A 0546,0,0km
June,OCS-A 0546,0,0km
March,OCS-A 0546,1.7950471490621561e-4,0km
May,OCS-A 0546,1.7145852791145442e-5,0km
November,OCS-A 0546,1.198095665313303e-5,0km
October,OCS-A 0546,1.3028925750404594e-5,0km
September,OCS-A 0546,0,0km
April,OCS-A 0546,7.244666293263436e-5,10km
August,OCS-A 0546,0,10km
December,OCS-A 0546,2.0220866240561013e-4,10km
February,OCS-A 0546,3.419709540903569e-4,10km
January,OCS-A 0546,3.938545361161232e-4,10km
July,OCS-A 0546,0,10km
June,OCS-A 0546,0,10km
March,OCS-A 0546,3.573776930570603e-4,10km
May,OCS-A 0546,2.3066233377903702e-5,10km
November,OCS-A 0546,2.9837725916877393e-5,10km
October,OCS-A 0546,2.0722929155454043e-5,10km
September,OCS-A 0546,0,10km
April,OCS-A 0546,1.7383404076099396e-4,40km
August,OCS-A 0546,0,40km
December,OCS-A 0546,6.330858170986175e-4,40km
February,OCS-A 0546,4.7529026865959166e-4,40km
January,OCS-A 0546,7.26398229598999e-4,40km
July,OCS-A 0546,0,40km
June,OCS-A 0546,0,40km
March,OCS-A 0546,7.789398729801178e-4,40km
May,OCS-A 0546,3.981715068221092e-5,40km
November,OCS-A 0546,1.3071086257696152e-4,40km
October,OCS-A 0546,4.768988117575646e-5,40km
September,OCS-A 0546,0,40km
April,OCS-A 0546,3.25596863403917e-5,Southeast
August,OCS-A 0546,0,Southeast
December,OCS-A 0546,5.055450787767806e-5,Southeast
February,OCS-A 0546,1.6609481722116483e-4,Southeast
January,OCS-A 0546,1.1270773131400349e-4,Southeast
July,OCS-A 0546,0,Southeast
June,OCS-A 0546,0,Southeast
March,OCS-A 0546,1.0012900922447565e-4,Southeast
May,OCS-A 0546,2.5395779404789237e-5,Southeast
November,OCS-A 0546,2.0852362737059607e-5,Southeast
October,OCS-A 0546,3.0091033084318065e-5,Southeast
September,OCS-A 0546,0,Southeast
April,OCS-A 0546,6.251534968614585e-4,Coastwide
August,OCS-A 0546,2.5694259908050318e-5,Coastwide
December,OCS-A 0546,3.850823715329172e-4,Coastwide
February,OCS-A 0546,8.360975086688999e-4,Coastwide
January,OCS-A 0546,7.37328350543976e-4,Coastwide
July,OCS-A 0546,1.853387132287029e-4,Coastwide
June,OCS-A 0546,2.2799034789204725e-4,Coastwide
March,OCS-A 0546,6.92447423934939e-4,Coastwide
May,OCS-A 0546,4.708900526165964e-4,Coastwide
November,OCS-A 0546,1.6587531939148923e-4,Coastwide
October,OCS-A 0546,8.842982351779945e-5,Coastwide
September,OCS-A 0546,2.8367161750793496e-5,Coastwide
