lease_number,region,month,R,mean_in,mean_out,ncells_in,ncells_out,log_anomaly,behavior
OCS-A 0482,Mid-Atlantic,Jan,1.450523209925084,0.09897827533514876,0.06823625755030886,19,17449,0.3719243257784883,Selection (R > 1)
OCS-A 0482,Mid-Atlantic,Feb,1.387554062446904,0.09212028862614381,0.06639041398047787,19,17449,0.3275425298050751,Selection (R > 1)
OCS-A 0482,Mid-Atlantic,Mar,0.8330738426611685,0.05667402163932198,0.0680300097507355,19,17449,-0.18263299409211364,Avoidance (R < 1)
OCS-A 0482,Mid-Atlantic,Apr,0.5833086797021415,0.04497890272422841,0.07710994931053702,19,17449,-0.5390387649935657,Avoidance (R < 1)
OCS-A 0482,Mid-Atlantic,May,0.101948618087507,0.008060668301033346,0.07906598885052583,19,17449,-2.283286336859749,Avoidance (R < 1)
OCS-A 0482,Mid-Atlantic,Jun,0.08679466841816577,0.003283274237458643,0.03782806360455508,19,17449,-2.4442100829561992,Avoidance (R < 1)
OCS-A 0482,Mid-Atlantic,Jul,0.0564971982583366,0.001579171297826657,0.02795132053461851,19,17449,-2.8735642304073092,Avoidance (R < 1)
OCS-A 0482,Mid-Atlantic,Aug,0.39909672809702046,0.001257961162513024,0.0031520207357029835,19,17449,-0.9185514651644608,Avoidance (R < 1)
OCS-A 0482,Mid-Atlantic,Sep,0.550749559983758,0.0019601786840020828,0.003559110758181795,19,17449,-0.5964750922400709,Avoidance (R < 1)
OCS-A 0482,Mid-Atlantic,Oct,0.3888244686786132,0.004306123285603367,0.011074722998368286,19,17449,-0.9446272745319346,Avoidance (R < 1)
OCS-A 0482,Mid-Atlantic,Nov,0.5700970207486067,0.015720131905063203,0.027574485276945945,19,17449,-0.561948720798272,Avoidance (R < 1)
OCS-A 0482,Mid-Atlantic,Dec,1.4057103702054805,0.05617657088135418,0.03996311905498893,19,17449,0.3405427765820389,Selection (R > 1)
OCS-A 0483,Mid-Atlantic,Jan,1.4938798644689388,0.10193677118112301,0.06823625755030886,29,17449,0.4013766714753582,Selection (R > 1)
OCS-A 0483,Mid-Atlantic,Feb,2.029148288242956,0.1347159948842279,0.06639041398047787,29,17449,0.7076161425708544,Selection (R > 1)
OCS-A 0483,Mid-Atlantic,Mar,1.7393613848503637,0.11832877197142305,0.0680300097507355,29,17449,0.5535180256570991,Selection (R > 1)
OCS-A 0483,Mid-Atlantic,Apr,0.9773880420087324,0.07536634237601839,0.07710994931053702,29,17449,-0.02287152871168333,Avoidance (R < 1)
OCS-A 0483,Mid-Atlantic,May,0.190243479730817,0.015041788847282016,0.07906598885052583,29,17449,-1.659450554938987,Avoidance (R < 1)
OCS-A 0483,Mid-Atlantic,Jun,0.13245988899008757,0.005010701105769338,0.03782806360455508,29,17449,-2.021475403989315,Avoidance (R < 1)
OCS-A 0483,Mid-Atlantic,Jul,0.09332917965062411,0.0026086738156475896,0.02795132053461851,29,17449,-2.371622469214631,Avoidance (R < 1)
OCS-A 0483,Mid-Atlantic,Aug,0.9196414183994204,0.0028987288202062763,0.0031520207357029835,29,17449,-0.08377144752556524,Avoidance (R < 1)
OCS-A 0483,Mid-Atlantic,Sep,1.097054571259925,0.0039045387268837155,0.003559110758181795,29,17449,0.09262892596275728,Selection (R > 1)
OCS-A 0483,Mid-Atlantic,Oct,0.5626126538950462,0.006230779297264485,0.011074722998368286,29,17449,-0.575163891364447,Avoidance (R < 1)
OCS-A 0483,Mid-Atlantic,Nov,0.6009682252516166,0.016571389479113036,0.027574485276945945,29,17449,-0.5092132156422293,Avoidance (R < 1)
OCS-A 0483,Mid-Atlantic,Dec,1.0529596692591374,0.04207955262270467,0.03996311905498893,29,17449,0.05160493161980417,Selection (R > 1)
OCS-A 0486,Southern New England,Jan,13.923775585670152,0.5724196116770467,0.041110947828415186,31,19458,2.6335978527315596,Selection (R > 1)
OCS-A 0486,Southern New England,Feb,20.94562702325782,0.7598852601743513,0.03627894544911843,31,19458,3.0419298906068053,Selection (R > 1)
OCS-A 0486,Southern New England,Mar,18.934797095960157,0.7903452784784378,0.04174036164596991,31,19458,2.9410013454769697,Selection (R > 1)
OCS-A 0486,Southern New England,Apr,12.696846056793923,0.6606136358553364,0.052029742890507075,31,19458,2.541353620637838,Selection (R > 1)
OCS-A 0486,Southern New England,May,5.117950628472486,0.2688248924189998,0.05252588622552497,31,19458,1.6327540910463798,Selection (R > 1)
OCS-A 0486,Southern New England,Jun,1.960877262871755,0.05428049527108669,0.027681740361246026,31,19458,0.6733919562048235,Selection (R > 1)
OCS-A 0486,Southern New England,Jul,1.0409124381562136,0.02231341197846397,0.021436396723232654,31,19458,0.040097672892633496,Selection (R > 1)
OCS-A 0486,Southern New England,Aug,19.784132727302712,0.020797761457581675,0.0010512344283295331,31,19458,2.984880239017007,Selection (R > 1)
OCS-A 0486,Southern New England,Sep,34.12139479165129,0.033866633991560625,9.925336932547376e-4,31,19458,3.5299246007929748,Selection (R > 1)
OCS-A 0486,Southern New England,Oct,7.920296389055616,0.06060768261311516,0.007652198811254559,31,19458,2.069428627986674,Selection (R > 1)
OCS-A 0486,Southern New England,Nov,5.077823982101676,0.10038163140416145,0.019768631555167494,31,19458,1.624882819842346,Selection (R > 1)
OCS-A 0486,Southern New England,Dec,15.34406414448376,0.3249086425189049,0.02117487514777567,31,19458,2.7307286985601182,Selection (R > 1)
OCS-A 0487,Southern New England,Jan,7.087493840218341,0.2913735894994302,0.041110947828415186,33,19458,1.9583317999484968,Selection (R > 1)
OCS-A 0487,Southern New England,Feb,10.938956637876618,0.39685381113579776,0.03627894544911843,33,19458,2.392330421136436,Selection (R > 1)
OCS-A 0487,Southern New England,Mar,9.338413442376499,0.38978875428438187,0.04174036164596991,33,19458,2.234136370828477,Selection (R > 1)
OCS-A 0487,Southern New England,Apr,7.56385989107474,0.39354568539243756,0.052029742890507075,33,19458,2.02338162749863,Selection (R > 1)
OCS-A 0487,Southern New England,May,3.4565694423164124,0.18155937325773816,0.05252588622552497,33,19458,1.240276606557634,Selection (R > 1)
OCS-A 0487,Southern New England,Jun,1.2775094152755642,0.03536368394270539,0.027681740361246026,33,19458,0.24491241314728304,Selection (R > 1)
OCS-A 0487,Southern New England,Jul,0.6245137916153486,0.01338732539619686,0.021436396723232654,33,19458,-0.4707818654083989,Avoidance (R < 1)
OCS-A 0487,Southern New England,Aug,12.090832682253534,0.01271029958275683,0.0010512344283295331,33,19458,2.4924475358905496,Selection (R > 1)
OCS-A 0487,Southern New England,Sep,21.025112848763875,0.020868132906881245,9.925336932547376e-4,33,19458,3.045717573205553,Selection (R > 1)
OCS-A 0487,Southern New England,Oct,4.840120353307574,0.03703756321390921,0.007652198811254559,33,19458,1.5769395868052394,Selection (R > 1)
OCS-A 0487,Southern New England,Nov,2.481012173652507,0.049046215544821636,0.019768631555167494,33,19458,0.9086666114499462,Selection (R > 1)
OCS-A 0487,Southern New England,Dec,6.271061516257817,0.13278894465078006,0.02117487514777567,33,19458,1.835945641153627,Selection (R > 1)
OCS-A 0490,Mid-Atlantic,Jan,1.0666540956518322,0.07278448358799021,0.06823625755030886,24,17449,0.06452673574171637,Selection (R > 1)
OCS-A 0490,Mid-Atlantic,Feb,1.1117598305202014,0.0738101953951021,0.06639041398047787,24,17449,0.10594419275338574,Selection (R > 1)
OCS-A 0490,Mid-Atlantic,Mar,0.890440429679868,0.060576671113570534,0.0680300097507355,24,17449,-0.11603907385231954,Avoidance (R < 1)
OCS-A 0490,Mid-Atlantic,Apr,0.5618741307859256,0.043326085743804775,0.07710994931053702,24,17449,-0.5764774207457904,Avoidance (R < 1)
OCS-A 0490,Mid-Atlantic,May,0.09188210496268652,0.007264749486542617,0.07906598885052583,24,17449,-2.3872489915119726,Avoidance (R < 1)
OCS-A 0490,Mid-Atlantic,Jun,0.07126848318632518,0.0026959487149724737,0.03782806360455508,24,17449,-2.6413010803337422,Avoidance (R < 1)
OCS-A 0490,Mid-Atlantic,Jul,0.0425772572220702,0.0011900905640989852,0.02795132053461851,24,17449,-3.1564350362916085,Avoidance (R < 1)
OCS-A 0490,Mid-Atlantic,Aug,0.3507963660201886,0.001105717419704888,0.0031520207357029835,24,17449,-1.0475493776592344,Avoidance (R < 1)
OCS-A 0490,Mid-Atlantic,Sep,0.4878892971578102,0.001736452046316117,0.003559110758181795,24,17449,-0.7176667489498172,Avoidance (R < 1)
OCS-A 0490,Mid-Atlantic,Oct,0.3322058680974607,0.0036790879676118493,0.011074722998368286,24,17449,-1.1020004176077791,Avoidance (R < 1)
OCS-A 0490,Mid-Atlantic,Nov,0.3644690562810144,0.010050046626323214,0.027574485276945945,24,17449,-1.009313624741989,Avoidance (R < 1)
OCS-A 0490,Mid-Atlantic,Dec,0.8687797536674344,0.034719148728375636,0.03996311905498893,24,17449,-0.140665633863789,Avoidance (R < 1)
OCS-A 0497,Mid-Atlantic,Jan,1.6926271957986156,0.1154985452691714,0.06823625755030886,3,17449,0.5262818755941345,Selection (R > 1)
OCS-A 0497,Mid-Atlantic,Feb,1.6272828436781381,0.10803598165512085,0.06639041398047787,3,17449,0.48691165681446263,Selection (R > 1)
OCS-A 0497,Mid-Atlantic,Mar,1.3292761140904896,0.0904306670029958,0.0680300097507355,3,17449,0.2846345189422602,Selection (R > 1)
OCS-A 0497,Mid-Atlantic,Apr,0.7276228653403765,0.05610696226358414,0.07710994931053702,3,17449,-0.3179724071304949,Avoidance (R < 1)
OCS-A 0497,Mid-Atlantic,May,0.14641925549483317,0.011576783222456774,0.07906598885052583,3,17449,-1.9212811594997397,Avoidance (R < 1)
OCS-A 0497,Mid-Atlantic,Jun,0.10953564907381488,0.004143521500130494,0.03782806360455508,3,17449,-2.2115052203915493,Avoidance (R < 1)
OCS-A 0497,Mid-Atlantic,Jul,0.08713449123852582,0.0024355240942289433,0.02795132053461851,3,17449,-2.440302477659449,Avoidance (R < 1)
OCS-A 0497,Mid-Atlantic,Aug,0.7911374656606973,0.002493681696554025,0.0031520207357029835,3,17449,-0.2342835391320607,Avoidance (R < 1)
OCS-A 0497,Mid-Atlantic,Sep,0.8428860101255299,0.002999924666558703,0.003559110758181795,3,17449,-0.17092354942865734,Avoidance (R < 1)
OCS-A 0497,Mid-Atlantic,Oct,0.47269557663772543,0.005234972573816776,0.011074722998368286,3,17449,-0.749303698879098,Avoidance (R < 1)
OCS-A 0497,Mid-Atlantic,Nov,0.704021924532109,0.019413042192657787,0.027574485276945945,3,17449,-0.35094578050773045,Avoidance (R < 1)
OCS-A 0497,Mid-Atlantic,Dec,1.2173851920928342,0.0486505093673865,0.03996311905498893,3,17449,0.19670527345256392,Selection (R > 1)
OCS-A 0498,Mid-Atlantic,Jan,0.8587131901359629,0.05859537440396491,0.06823625755030886,21,17449,-0.15232030083478004,Avoidance (R < 1)
OCS-A 0498,Mid-Atlantic,Feb,1.045022403702219,0.0693794700006644,0.06639041398047787,21,17449,0.0440383241364553,Selection (R > 1)
OCS-A 0498,Mid-Atlantic,Mar,0.8815847105809912,0.05997421645692417,0.0680300097507355,21,17449,-0.12603418354128088,Avoidance (R < 1)
OCS-A 0498,Mid-Atlantic,Apr,0.6547908120705598,0.050490886327766236,0.07710994931053702,21,17449,-0.42343946524126863,Avoidance (R < 1)
OCS-A 0498,Mid-Atlantic,May,0.13842719352641095,0.01094488293996879,0.07906598885052583,21,17449,-1.9774107700818007,Avoidance (R < 1)
OCS-A 0498,Mid-Atlantic,Jun,0.07841620738137225,0.0029663332804505315,0.03782806360455508,21,17449,-2.5457246461875984,Avoidance (R < 1)
OCS-A 0498,Mid-Atlantic,Jul,0.04798531122569074,0.0013412528150227097,0.02795132053461851,21,17449,-3.03686033103818,Avoidance (R < 1)
OCS-A 0498,Mid-Atlantic,Aug,0.40315775116348024,0.0012707615914266733,0.0031520207357029835,21,17449,-0.9084273515359198,Avoidance (R < 1)
OCS-A 0498,Mid-Atlantic,Sep,0.4839648067522103,0.0017224843502931652,0.003559110758181795,21,17449,-0.7257430882311265,Avoidance (R < 1)
OCS-A 0498,Mid-Atlantic,Oct,0.32381896039277175,0.0035862052879695383,0.011074722998368286,21,17449,-1.127570683576551,Avoidance (R < 1)
OCS-A 0498,Mid-Atlantic,Nov,0.3032520951318744,0.008362020432416881,0.027574485276945945,21,17449,-1.19319082225563,Avoidance (R < 1)
OCS-A 0498,Mid-Atlantic,Dec,0.911547765645179,0.036428291882787435,0.03996311905498893,21,17449,-0.09261128289558272,Avoidance (R < 1)
OCS-A 0500,Southern New England,Jan,10.519657140759216,0.4324730758865674,0.041110947828415186,45,19458,2.353245615595876,Selection (R > 1)
OCS-A 0500,Southern New England,Feb,14.748735995414348,0.5350685886210865,0.03627894544911843,45,19458,2.6911573838876373,Selection (R > 1)
OCS-A 0500,Southern New England,Mar,12.89645490323519,0.5383026916119787,0.04174036164596991,45,19458,2.556952459896723,Selection (R > 1)
OCS-A 0500,Southern New England,Apr,10.722996602396302,0.5579147562384605,0.052029742890507075,45,19458,2.372390650385986,Selection (R > 1)
OCS-A 0500,Southern New England,May,5.498998723109036,0.2888397812843323,0.05252588622552497,45,19458,1.7045660253214383,Selection (R > 1)
OCS-A 0500,Southern New England,Jun,1.8895999138344712,0.05230741420139869,0.027681740361246026,45,19458,0.6363651208610821,Selection (R > 1)
OCS-A 0500,Southern New England,Jul,1.0091804500811417,0.02163319249326984,0.021436396723232654,45,19458,0.00913856589790637,Selection (R > 1)
OCS-A 0500,Southern New England,Aug,18.502052687940655,0.019449994780330195,0.0010512344283295331,45,19458,2.917881682034006,Selection (R > 1)
OCS-A 0500,Southern New England,Sep,29.9493235501203,0.02972571271368199,9.925336932547376e-4,45,19458,3.3995067383337805,Selection (R > 1)
OCS-A 0500,Southern New England,Oct,7.382535620492971,0.056492630299180745,0.007652198811254559,45,19458,1.9991171596148822,Selection (R > 1)
OCS-A 0500,Southern New England,Nov,3.7312457107229697,0.07376162169708146,0.019768631555167494,45,19458,1.3167421486031314,Selection (R > 1)
OCS-A 0500,Southern New England,Dec,10.10683953095586,0.21401106520659394,0.02117487514777567,45,19458,2.3132123759461876,Selection (R > 1)
OCS-A 0501,Southern New England,Jan,20.6634823693059,0.8494953456379118,0.041110947828415186,21,19458,3.0283680056010547,Selection (R > 1)
OCS-A 0501,Southern New England,Feb,26.722464889900035,0.9694628460066659,0.03627894544911843,21,19458,3.2855045932872837,Selection (R > 1)
OCS-A 0501,Southern New England,Mar,22.775389760087318,0.9506530052139646,0.04174036164596991,21,19458,3.1256805565050683,Selection (R > 1)
OCS-A 0501,Southern New England,Apr,17.836766116466702,0.9280423550378709,0.052029742890507075,21,19458,2.8812618392216964,Selection (R > 1)
OCS-A 0501,Southern New England,May,10.731153797892775,0.5636633634567261,0.05252588622552497,21,19458,2.3731510809541843,Selection (R > 1)
OCS-A 0501,Southern New England,Jun,3.4175792386559256,0.0946045411484582,0.027681740361246026,21,19458,1.2289324754937496,Selection (R > 1)
OCS-A 0501,Southern New England,Jul,2.10325347561973,0.04508617591290247,0.021436396723232654,21,19458,0.7434854199469949,Selection (R > 1)
OCS-A 0501,Southern New England,Aug,33.84760419806047,0.03558176684947241,0.0010512344283295331,21,19458,3.5218682198390114,Selection (R > 1)
OCS-A 0501,Southern New England,Sep,52.9241678629581,0.052529019791455495,9.925336932547376e-4,21,19458,3.968860093948963,Selection (R > 1)
OCS-A 0501,Southern New England,Oct,13.738939899932436,0.10513309957016082,0.007652198811254559,21,19458,2.620234129518708,Selection (R > 1)
OCS-A 0501,Southern New England,Nov,7.75472716999213,0.15330034423442113,0.019768631555167494,21,19458,2.048302614835179,Selection (R > 1)
OCS-A 0501,Southern New England,Dec,22.167173324718007,0.4693871275300071,0.02117487514777567,21,19458,3.098612515486683,Selection (R > 1)
OCS-A 0512,Mid-Atlantic,Jan,1.5281913140883803,0.10427805609427966,0.06823625755030886,26,17449,0.4240848884619901,Selection (R > 1)
OCS-A 0512,Mid-Atlantic,Feb,1.8272104993676732,0.12130926148249553,0.06639041398047787,26,17449,0.6027904866143547,Selection (R > 1)
OCS-A 0512,Mid-Atlantic,Mar,1.803806112594299,0.12271294742822647,0.0680300097507355,26,17449,0.5898989394754615,Selection (R > 1)
OCS-A 0512,Mid-Atlantic,Apr,1.2020803386125491,0.09269235397760685,0.07710994931053702,26,17449,0.18405367132753733,Selection (R > 1)
OCS-A 0512,Mid-Atlantic,May,0.32186059876273265,0.025448226513197787,0.07906598885052583,26,17449,-1.1336367502730915,Avoidance (R < 1)
OCS-A 0512,Mid-Atlantic,Jun,0.14976038564264385,0.005665145393532629,0.03782806360455508,26,17449,-1.898718691185098,Avoidance (R < 1)
OCS-A 0512,Mid-Atlantic,Jul,0.11697063401755196,0.0032694836845621467,0.02795132053461851,26,17449,-2.1458323669909443,Avoidance (R < 1)
OCS-A 0512,Mid-Atlantic,Aug,0.8967136998665858,0.00282646017596842,0.0031520207357029835,26,17449,-0.10901864304718312,Avoidance (R < 1)
OCS-A 0512,Mid-Atlantic,Sep,1.16671434468015,0.004152465575876145,0.003559110758181795,26,17449,0.1541915458609306,Selection (R > 1)
OCS-A 0512,Mid-Atlantic,Oct,0.7321702887619244,0.008108583135673633,0.011074722998368286,26,17449,-0.31174215715547104,Avoidance (R < 1)
OCS-A 0512,Mid-Atlantic,Nov,0.590232188310636,0.01627534878655122,0.027574485276945945,26,17449,-0.527239279989182,Avoidance (R < 1)
OCS-A 0512,Mid-Atlantic,Dec,1.382452868778789,0.05524712858291773,0.03996311905498893,26,17449,0.32385936253398273,Selection (R > 1)
OCS-A 0517,Southern New England,Jan,9.79198671193968,0.4025578548510869,0.041110947828415186,6,19458,2.2815643687367455,Selection (R > 1)
OCS-A 0517,Southern New England,Feb,15.337843852402052,0.5564408004283905,0.03627894544911843,6,19458,2.730323228850245,Selection (R > 1)
OCS-A 0517,Southern New England,Mar,13.555879316941047,0.5658273051182429,0.04174036164596991,6,19458,2.606820351148453,Selection (R > 1)
OCS-A 0517,Southern New England,Apr,9.90633165430295,0.5154238889614741,0.052029742890507075,6,19458,2.293174113749244,Selection (R > 1)
OCS-A 0517,Southern New England,May,3.744249497459849,0.19667002310355505,0.05252588622552497,6,19458,1.3202211956738532,Selection (R > 1)
OCS-A 0517,Southern New England,Jun,1.4416300920832112,0.039906829906006656,0.027681740361246026,6,19458,0.36577448174065397,Selection (R > 1)
OCS-A 0517,Southern New England,Jul,0.7245533087560158,0.015531812173624834,0.021436396723232654,6,19458,-0.32219993986476625,Avoidance (R < 1)
OCS-A 0517,Southern New England,Aug,14.25222459810284,0.014982429177810749,0.0010512344283295331,6,19458,2.656913006677994,Selection (R > 1)
OCS-A 0517,Southern New England,Sep,25.650506074077654,0.025458991527557373,9.925336932547376e-4,6,19458,3.2445633014056794,Selection (R > 1)
OCS-A 0517,Southern New England,Oct,5.810607948567705,0.04446392723669609,0.007652198811254559,6,19458,1.7596852036973085,Selection (R > 1)
OCS-A 0517,Southern New England,Nov,3.3625717720888764,0.06647344244023164,0.019768631555167494,6,19458,1.2127060895593047,Selection (R > 1)
OCS-A 0517,Southern New England,Dec,9.02046226014783,0.19100716213385263,0.02117487514777567,6,19458,2.1994955811147983,Selection (R > 1)
OCS-A 0519,Mid-Atlantic,Jan,0.84045545233776775,0.05734953470528126,0.06823625755030886,10,17449,-0.17381132892087642,Avoidance (R < 1)
OCS-A 0519,Mid-Atlantic,Feb,1.0289587386213275,0.06831299662590026,0.06639041398047787,10,17449,0.028547357526397702,Selection (R > 1)
OCS-A 0519,Mid-Atlantic,Mar,0.8640508048149935,0.05878138467669487,0.0680300097507355,10,17449,-0.1461237100376381,Avoidance (R < 1)
OCS-A 0519,Mid-Atlantic,Apr,0.583412087221841,0.04498687647283077,0.07710994931053702,10,17449,-0.5388615031792536,Avoidance (R < 1)
OCS-A 0519,Mid-Atlantic,May,0.1027160313164198,0.008121344586834311,0.07906598885052583,10,17449,-2.275787075725154,Avoidance (R < 1)
OCS-A 0519,Mid-Atlantic,Jun,0.07187475977899002,0.002718882984481752,0.03782806360455508,10,17449,-2.632830122075564,Avoidance (R < 1)
OCS-A 0519,Mid-Atlantic,Jul,0.04215239550724725,0.0011782151181250811,0.02795132053461851,10,17449,-3.166463763237048,Avoidance (R < 1)
OCS-A 0519,Mid-Atlantic,Aug,0.35189192920560114,0.001109170657582581,0.0031520207357029835,10,17449,-1.0444311698263844,Avoidance (R < 1)
OCS-A 0519,Mid-Atlantic,Sep,0.45712496909919054,0.0016269583953544497,0.003559110758181795,10,17449,-0.7827984701107553,Avoidance (R < 1)
OCS-A 0519,Mid-Atlantic,Oct,0.28422962074582886,0.0031477643176913263,0.011074722998368286,10,17449,-1.2579728437472686,Avoidance (R < 1)
OCS-A 0519,Mid-Atlantic,Nov,0.30929863037709543,0.008528750529512763,0.027574485276945945,10,17449,-1.1734480274383392,Avoidance (R < 1)
OCS-A 0519,Mid-Atlantic,Dec,0.7452409574499401,0.029782153107225894,0.03996311905498893,10,17449,-0.29404768007698484,Avoidance (R < 1)
OCS-A 0520,Southern New England,Jan,7.612465589535614,0.3129556756970045,0.041110947828415186,37,19458,2.029787112767752,Selection (R > 1)
OCS-A 0520,Southern New England,Feb,9.969179833824079,0.3616713313637553,0.03627894544911843,37,19458,2.2994983171821115,Selection (R > 1)
OCS-A 0520,Southern New England,Mar,8.327988131415895,0.34761323638864466,0.04174036164596991,37,19458,2.1196219061694688,Selection (R > 1)
OCS-A 0520,Southern New England,Apr,7.094256083865647,0.36911232004294525,0.052029742890507075,37,19458,1.9592854543558869,Selection (R > 1)
OCS-A 0520,Southern New England,May,5.333402944719618,0.28014171626922246,0.05252588622552497,37,19458,1.6739894856214215,Selection (R > 1)
OCS-A 0520,Southern New England,Jun,1.5913969345635544,0.044052636754271145,0.027681740361246026,37,19458,0.4646122057080625,Selection (R > 1)
OCS-A 0520,Southern New England,Jul,0.9656315742706624,0.020699661514545616,0.021436396723232654,37,19458,-0.034972910613015606,Avoidance (R < 1)
OCS-A 0520,Southern New England,Aug,15.322826147557464,0.016107882385620394,0.0010512344283295331,37,19458,2.729343621682785,Selection (R > 1)
OCS-A 0520,Southern New England,Sep,24.96438522957013,0.02477799347173926,9.925336932547376e-4,37,19458,3.2174502183567606,Selection (R > 1)
OCS-A 0520,Southern New England,Oct,5.75108980572832,0.04400848257481246,0.007652198811254559,37,19458,1.7493893682814587,Selection (R > 1)
OCS-A 0520,Southern New England,Nov,2.8501640844376896,0.05634384365701998,0.019768631555167494,37,19458,1.0473765661101782,Selection (R > 1)
OCS-A 0520,Southern New England,Dec,7.682694268804673,0.16268009194047064,0.02117487514777567,37,19458,2.0389703018885568,Selection (R > 1)
OCS-A 0521,Southern New England,Jan,7.417562397757932,0.3049430207482406,0.041110947828415186,35,19458,2.003850485383107,Selection (R > 1)
OCS-A 0521,Southern New England,Feb,9.575088839439703,0.34737412567649567,0.03627894544911843,35,19458,2.2591648132941318,Selection (R > 1)
OCS-A 0521,Southern New England,Mar,7.631849088988298,0.3185561410018376,0.04174036164596991,35,19458,2.0323301604950763,Selection (R > 1)
OCS-A 0521,Southern New England,Apr,6.430120701960818,0.3345575268779482,0.052029742890507075,35,19458,1.8609933097624274,Selection (R > 1)
OCS-A 0521,Southern New England,May,5.032009138767375,0.264310739508697,0.05252588622552497,35,19458,1.6158193355267316,Selection (R > 1)
OCS-A 0521,Southern New England,Jun,1.6084618172321683,0.044525022405598844,0.027681740361246026,35,19458,0.475278329294064,Selection (R > 1)
OCS-A 0521,Southern New England,Jul,1.0206837985032233,0.021879782833691155,0.021436396723232654,35,19458,0.020472793374155456,Selection (R > 1)
OCS-A 0521,Southern New England,Aug,14.529616653326832,0.015274033256407296,0.0010512344283295331,35,19458,2.67618909411831,Selection (R > 1)
OCS-A 0521,Southern New England,Sep,24.256551790340424,0.0240754449340914,9.925336932547376e-4,35,19458,3.188686757813535,Selection (R > 1)
OCS-A 0521,Southern New England,Oct,5.251337051203932,0.040184275140719754,0.007652198811254559,35,19458,1.6584827205987946,Selection (R > 1)
OCS-A 0521,Southern New England,Nov,2.870032984077413,0.05673662461340427,0.019768631555167494,35,19458,1.054323522415389,Selection (R > 1)
OCS-A 0521,Southern New England,Dec,7.783102030681449,0.16480621376207896,0.02117487514777567,35,19458,2.0519549773197503,Selection (R > 1)
OCS-A 0522,Southern New England,Jan,22.893595379105275,0.941177405235244,0.041110947828415186,41,19458,3.1308571936747445,Selection (R > 1)
OCS-A 0522,Southern New England,Feb,28.99771837272263,1.0520066429929036,0.03627894544911843,41,19458,3.3672171500886243,Selection (R > 1)
OCS-A 0522,Southern New England,Mar,21.596210457662426,0.901433634685307,0.04174036164596991,41,19458,3.0725178575235232,Selection (R > 1)
OCS-A 0522,Southern New England,Apr,15.75640493494282,0.8198016976437917,0.052029742890507075,41,19458,2.7572469451428954,Selection (R > 1)
OCS-A 0522,Southern New England,May,12.75377042110166,0.6699030940852514,0.05252588622552497,41,19458,2.5458269471901915,Selection (R > 1)
OCS-A 0522,Southern New England,Jun,5.2458763389845915,0.14521498678297531,0.027681740361246026,41,19458,1.6574423087277685,Selection (R > 1)
OCS-A 0522,Southern New England,Jul,4.181206810463942,0.0896300079709873,0.021436396723232654,41,19458,1.4305999155050755,Selection (R > 1)
OCS-A 0522,Southern New England,Aug,40.38158801066295,0.042450515587427996,0.0010512344283295331,41,19458,3.698373938774691,Selection (R > 1)
OCS-A 0522,Southern New England,Sep,75.4894897575641,0.07492586207099078,9.925336932547376e-4,41,19458,4.32399343805549,Selection (R > 1)
OCS-A 0522,Southern New England,Oct,13.39267173355195,0.10248338671900876,0.007652198811254559,41,19458,2.5947076718045916,Selection (R > 1)
OCS-A 0522,Southern New England,Nov,9.84236129718889,0.1945700141169676,0.019768631555167494,41,19458,2.286695651502666,Selection (R > 1)
OCS-A 0522,Southern New England,Dec,27.940214133376998,0.5916305458763751,0.02117487514777567,41,19458,3.3300670178430045,Selection (R > 1)
OCS-A 0532,Mid-Atlantic,Jan,1.4071845913253977,0.09602101019450597,0.06823625755030886,35,17449,0.3415909644987977,Selection (R > 1)
OCS-A 0532,Mid-Atlantic,Feb,1.3372262727588957,0.08877900583403452,0.06639041398047787,35,17449,0.2905975229619525,Selection (R > 1)
OCS-A 0532,Mid-Atlantic,Mar,0.8635344413689082,0.058746256466422765,0.0680300097507355,35,17449,-0.14672149641327742,Avoidance (R < 1)
OCS-A 0532,Mid-Atlantic,Apr,0.5841411753998227,0.045043096425277845,0.07710994931053702,35,17449,-0.5376125866696746,Avoidance (R < 1)
OCS-A 0532,Mid-Atlantic,May,0.12227186198910447,0.009667545676763568,0.07906598885052583,35,17449,-2.1015083364386418,Avoidance (R < 1)
OCS-A 0532,Mid-Atlantic,Jun,0.07527129158805909,0.002847367205790111,0.03782806360455508,35,17449,-2.586656470682637,Avoidance (R < 1)
OCS-A 0532,Mid-Atlantic,Jul,0.04559486664122006,0.0012744367322219269,0.02795132053461851,35,17449,-3.0879601424561414,Avoidance (R < 1)
OCS-A 0532,Mid-Atlantic,Aug,0.3781796312591681,0.001192030039549406,0.0031520207357029835,35,17449,-0.9723859812700799,Avoidance (R < 1)
OCS-A 0532,Mid-Atlantic,Sep,0.46662610385682635,0.0016607739862852862,0.003559110758181795,35,17449,-0.7622269761314863,Avoidance (R < 1)
OCS-A 0532,Mid-Atlantic,Oct,0.37007061438624256,0.004098429544163602,0.011074722998368286,35,17449,-0.9940614418608053,Avoidance (R < 1)
OCS-A 0532,Mid-Atlantic,Nov,0.47758147345798224,0.013169063308409282,0.027574485276945945,35,17449,-0.7390205085732544,Avoidance (R < 1)
OCS-A 0532,Mid-Atlantic,Dec,1.11375423365802,0.044509093037673406,0.03996311905498893,35,17449,0.10773650105987267,Selection (R > 1)
OCS-A 0537,Mid-Atlantic,Jan,0.8883848822903462,0.06062005963176489,0.06823625755030886,20,17449,-0.11835020388924274,Avoidance (R < 1)
OCS-A 0537,Mid-Atlantic,Feb,1.6691989382441117,0.1108188085258007,0.06639041398047787,20,17449,0.512343833648377,Selection (R > 1)
OCS-A 0537,Mid-Atlantic,Mar,1.7173086517168195,0.11682852432131767,0.0680300097507355,20,17449,0.5407583279713584,Selection (R > 1)
OCS-A 0537,Mid-Atlantic,Apr,1.5819170710894561,0.12198154516518116,0.07710994931053702,20,17449,0.45863744767403425,Selection (R > 1)
OCS-A 0537,Mid-Atlantic,May,0.5834727411960015,0.0461328492499888,0.07906598885052583,20,17449,-0.5387575443775999,Avoidance (R < 1)
OCS-A 0537,Mid-Atlantic,Jun,0.24151741120298664,0.009136135992594063,0.03782806360455508,20,17449,-1.4208137124096873,Avoidance (R < 1)
OCS-A 0537,Mid-Atlantic,Jul,0.1129742090302776,0.0031577783287502826,0.02795132053461851,20,17449,-2.180595724990315,Avoidance (R < 1)
OCS-A 0537,Mid-Atlantic,Aug,0.986607419353929,0.0031098070438019933,0.0031520207357029835,20,17449,-0.013483070087190087,Avoidance (R < 1)
OCS-A 0537,Mid-Atlantic,Sep,1.5733380087817819,0.005599684233311563,0.003559110758181795,20,17449,0.4531994826082748,Selection (R > 1)
OCS-A 0537,Mid-Atlantic,Oct,0.9583939189275431,0.010613947175443172,0.011074722998368286,20,17449,-0.04249639666660037,Avoidance (R < 1)
OCS-A 0537,Mid-Atlantic,Nov,0.5085107244240403,0.014021921483799816,0.027574485276945945,20,17449,-0.6762689734031563,Avoidance (R < 1)
OCS-A 0537,Mid-Atlantic,Dec,0.511780965375623,0.020452363649383187,0.03996311905498893,20,17449,-0.6698585474767479,Avoidance (R < 1)
OCS-A 0538,Mid-Atlantic,Jan,0.9183137129683547,0.06266229103008907,0.06823625755030886,24,17449,-0.0852162114801952,Avoidance (R < 1)
OCS-A 0538,Mid-Atlantic,Feb,1.3838423360579413,0.09187386557459831,0.06639041398047787,24,17449,0.3248639316729325,Selection (R > 1)
OCS-A 0538,Mid-Atlantic,Mar,1.403540711973064,0.0954828883210818,0.0680300097507355,24,17449,0.3389981238611966,Selection (R > 1)
OCS-A 0538,Mid-Atlantic,Apr,1.0749659753676506,0.08289057187115152,0.07710994931053702,24,17449,0.07228901025793819,Selection (R > 1)
OCS-A 0538,Mid-Atlantic,May,0.3344154761900323,0.026440890311884385,0.07906598885052583,24,17449,-1.095371118369914,Avoidance (R < 1)
OCS-A 0538,Mid-Atlantic,Jun,0.15116681487869962,0.005718347888129453,0.03782806360455508,24,17449,-1.8893713176410734,Avoidance (R < 1)
OCS-A 0538,Mid-Atlantic,Jul,0.08472777960365474,0.0023682533258882663,0.02795132053461851,24,17449,-2.4683117546662423,Avoidance (R < 1)
OCS-A 0538,Mid-Atlantic,Aug,0.8107960243023897,0.0025556458810266727,0.0031520207357029835,24,17449,-0.20973876784207893,Avoidance (R < 1)
OCS-A 0538,Mid-Atlantic,Sep,1.1151717884426102,0.003969019909466927,0.003559110758181795,24,17449,0.10900846339658113,Selection (R > 1)
OCS-A 0538,Mid-Atlantic,Oct,0.7218845606712788,0.007994671546233198,0.011074722998368286,24,17449,-0.32589004113972925,Avoidance (R < 1)
OCS-A 0538,Mid-Atlantic,Nov,0.45067558783553424,0.012427147361449897,0.027574485276945945,24,17449,-0.7970075157502162,Avoidance (R < 1)
OCS-A 0538,Mid-Atlantic,Dec,0.5779065957497408,0.02309495008861025,0.03996311905498893,24,17449,-0.5483430224171841,Avoidance (R < 1)
OCS-A 0539,Mid-Atlantic,Jan,1.4259254276353608,0.09729981472766078,0.06823625755030886,37,17449,0.3548210258388222,Selection (R > 1)
OCS-A 0539,Mid-Atlantic,Feb,1.8863760198795363,0.12523728488264857,0.06639041398047787,37,17449,0.6346575386122056,Selection (R > 1)
OCS-A 0539,Mid-Atlantic,Mar,1.9121377804802933,0.1300827518508241,0.0680300097507355,37,17449,0.6482218729536016,Selection (R > 1)
OCS-A 0539,Mid-Atlantic,Apr,1.4140506000679092,0.10903737009377093,0.07710994931053702,37,17449,0.34645835188920965,Selection (R > 1)
OCS-A 0539,Mid-Atlantic,May,0.4098258936982611,0.0324032895418035,0.07906598885052583,37,17449,-0.8920228589893592,Avoidance (R < 1)
OCS-A 0539,Mid-Atlantic,Jun,0.18869975246877335,0.007138146238552558,0.03782806360455508,37,17449,-1.6675981383796994,Avoidance (R < 1)
OCS-A 0539,Mid-Atlantic,Jul,0.11875663669646926,0.0033194048179162514,0.02795132053461851,37,17449,-2.1306789496587935,Avoidance (R < 1)
OCS-A 0539,Mid-Atlantic,Aug,1.004002159390345,0.0031646356250889397,0.0031520207357029835,37,17449,0.0039941720544207126,Selection (R > 1)
OCS-A 0539,Mid-Atlantic,Sep,1.3999894778911863,0.004982717612103836,0.003559110758181795,37,17449,0.33646472080095946,Selection (R > 1)
OCS-A 0539,Mid-Atlantic,Oct,0.8792906067223221,0.009737899904516904,0.011074722998368286,37,17449,-0.12863982533100407,Avoidance (R < 1)
OCS-A 0539,Mid-Atlantic,Nov,0.6323907434360108,0.01743784924415318,0.027574485276945945,37,17449,-0.45824781095190387,Avoidance (R < 1)
OCS-A 0539,Mid-Atlantic,Dec,0.9648320893547133,0.038557699654956125,0.03996311905498893,37,17449,-0.0358011934517146,Avoidance (R < 1)
OCS-A 0541,Mid-Atlantic,Jan,1.5964239457577172,0.1089339955222039,0.06823625755030886,21,17449,0.4677660939281769,Selection (R > 1)
OCS-A 0541,Mid-Atlantic,Feb,1.9162944758351008,0.1272235835591952,0.06639041398047787,21,17449,0.6503933607636888,Selection (R > 1)
OCS-A 0541,Mid-Atlantic,Mar,1.8622899102250892,0.12669160075130917,0.0680300097507355,21,17449,0.6218068650300459,Selection (R > 1)
OCS-A 0541,Mid-Atlantic,Apr,1.2776174685388098,0.09851701823728425,0.07710994931053702,21,17449,0.24499699075788586,Selection (R > 1)
OCS-A 0541,Mid-Atlantic,May,0.3309069801924843,0.026163487606460138,0.07906598885052583,21,17449,-1.10591796970926,Avoidance (R < 1)
OCS-A 0541,Mid-Atlantic,Jun,0.16494070628320345,0.006239387528261258,0.03782806360455508,21,17449,-1.802169225524719,Avoidance (R < 1)
OCS-A 0541,Mid-Atlantic,Jul,0.1074959270531632,0.003004653113228934,0.02795132053461851,21,17449,-2.230302320009735,Avoidance (R < 1)
OCS-A 0541,Mid-Atlantic,Aug,0.7966686150658611,0.0025111159941713724,0.0031520207357029835,21,17449,-0.22731647703831573,Avoidance (R < 1)
OCS-A 0541,Mid-Atlantic,Sep,1.308662231479436,0.0046576738268846556,0.003559110758181795,21,17449,0.2690054180918553,Selection (R > 1)
OCS-A 0541,Mid-Atlantic,Oct,0.7871173473143634,0.008717106588717018,0.011074722998368286,21,17449,-0.23937793454621775,Avoidance (R < 1)
OCS-A 0541,Mid-Atlantic,Nov,0.6343598732479855,0.017492146985161872,0.027574485276945945,21,17449,-0.45513886216261273,Avoidance (R < 1)
OCS-A 0541,Mid-Atlantic,Dec,1.165246127177364,0.04656686970875377,0.03996311905498893,21,17449,0.15293233266713302,Selection (R > 1)
OCS-A 0542,Mid-Atlantic,Jan,1.8959641005850079,0.1293734946736583,0.06823625755030886,27,17449,0.6397274693629664,Selection (R > 1)
OCS-A 0542,Mid-Atlantic,Feb,2.3589165176870934,0.1566094441546334,0.06639041398047787,27,17449,0.8582024109426583,Selection (R > 1)
OCS-A 0542,Mid-Atlantic,Mar,2.4832217506705234,0.1689335999113542,0.0680300097507355,27,17449,0.9095568100979616,Selection (R > 1)
OCS-A 0542,Mid-Atlantic,Apr,1.751415824617698,0.1350515854579431,0.07710994931053702,27,17449,0.5604245034755243,Selection (R > 1)
OCS-A 0542,Mid-Atlantic,May,0.4699055111378225,0.037153543904423714,0.07906598885052583,27,17449,-0.7552236446216016,Avoidance (R < 1)
OCS-A 0542,Mid-Atlantic,Jun,0.2330127653039607,0.008814421706591491,0.03782806360455508,27,17449,-1.456662040204896,Avoidance (R < 1)
OCS-A 0542,Mid-Atlantic,Jul,0.14169450784868678,0.003960548606873663,0.02795132053461851,27,17449,-1.9540818920438026,Avoidance (R < 1)
OCS-A 0542,Mid-Atlantic,Aug,1.1595353278382305,0.0036548793971262596,0.0031520207357029835,27,17449,0.1480193454150916,Selection (R > 1)
OCS-A 0542,Mid-Atlantic,Sep,1.764746381713188,0.006280927832617804,0.003559110758181795,27,17449,0.5680069869800737,Selection (R > 1)
OCS-A 0542,Mid-Atlantic,Oct,1.1259831709205705,0.012469951718769691,0.011074722998368286,27,17449,0.11865658370933385,Selection (R > 1)
OCS-A 0542,Mid-Atlantic,Nov,0.8297366309010982,0.022879560512525064,0.027574485276945945,27,17449,-0.18664694071300308,Avoidance (R < 1)
OCS-A 0542,Mid-Atlantic,Dec,1.2094361545097514,0.04833284103208118,0.03996311905498893,27,17449,0.19015426299402702,Selection (R > 1)
OCS-A 0544,Mid-Atlantic,Jan,1.7778623472992312,0.121314673019307,0.06823625755030886,14,17449,0.5754117141279459,Selection (R > 1)
OCS-A 0544,Mid-Atlantic,Feb,2.308451273961491,0.15325903573206492,0.06639041398047787,14,17449,0.8365768555129889,Selection (R > 1)
OCS-A 0544,Mid-Atlantic,Mar,2.2708354292209973,0.1544849563922201,0.0680300097507355,14,17449,0.8201477942805321,Selection (R > 1)
OCS-A 0544,Mid-Atlantic,Apr,1.5330463616061363,0.11821312723415238,0.07710994931053702,14,17449,0.42725684183690943,Selection (R > 1)
OCS-A 0544,Mid-Atlantic,May,0.46623372750948144,0.03686323070100376,0.07906598885052583,14,17449,-0.7630682094171123,Avoidance (R < 1)
OCS-A 0544,Mid-Atlantic,Jun,0.20167543023704707,0.007628991002483028,0.03782806360455508,14,17449,-1.6010956548426831,Avoidance (R < 1)
OCS-A 0544,Mid-Atlantic,Jul,0.12484188538015181,0.003489495554406728,0.02795132053461851,14,17449,-2.080707259321347,Avoidance (R < 1)
OCS-A 0544,Mid-Atlantic,Aug,1.0636412868813867,0.0033526193915999363,0.0031520207357029835,14,17449,0.06169819768652956,Selection (R > 1)
OCS-A 0544,Mid-Atlantic,Sep,1.6470308099087332,0.005861965074603047,0.003559110758181795,14,17449,0.49897415770464787,Selection (R > 1)
OCS-A 0544,Mid-Atlantic,Oct,1.015427906104927,0.011245582784925188,0.011074722998368286,14,17449,0.01531010602225801,Selection (R > 1)
OCS-A 0544,Mid-Atlantic,Nov,0.7053753464903604,0.019450362106519088,0.027574485276945945,14,17449,-0.3490252114785493,Avoidance (R < 1)
OCS-A 0544,Mid-Atlantic,Dec,1.3695288425358028,0.054730644183499474,0.03996311905498893,14,17449,0.3144667701314273,Selection (R > 1)
OCS-A 0545,Southeast,Jan,0.12213432575449379,0.015016550198197365,0.12295110408504342,17,10774,-2.1026338091641765,Avoidance (R < 1)
OCS-A 0545,Southeast,Feb,0.1627084528390574,0.020308753420763156,0.12481683075710578,17,10774,-1.8157953125783644,Avoidance (R < 1)
OCS-A 0545,Southeast,Mar,0.12951822502716515,0.017134970136205938,0.13229775294258433,17,10774,-2.043933673944114,Avoidance (R < 1)
OCS-A 0545,Southeast,Apr,0.021942619817711916,0.003300669972839601,0.15042278452891597,17,10774,-3.819324422981434,Avoidance (R < 1)
OCS-A 0545,Southeast,May,0.013355128820748671,0.0018030662596335307,0.13500927500094703,17,10774,-4.315854786585141,Avoidance (R < 1)
OCS-A 0545,Southeast,Jun,0,0,0.06351550957238343,17,10774,-Inf,Avoidance (R < 1)
OCS-A 0545,Southeast,Jul,0,0,0.046177750323016784,17,10774,-Inf,Avoidance (R < 1)
OCS-A 0545,Southeast,Aug,0,0,0.005941280994236265,17,10774,-Inf,Avoidance (R < 1)
OCS-A 0545,Southeast,Sep,0,0,0.007117264736332014,17,10774,-Inf,Avoidance (R < 1)
OCS-A 0545,Southeast,Oct,0.07184221435280413,0.0013622577021391515,0.01896180002817494,17,10774,-2.6332830320667298,Avoidance (R < 1)
OCS-A 0545,Southeast,Nov,0.02563215699804583,0.0012227903524249354,0.04770532392253059,17,10774,-3.6639075830351313,Avoidance (R < 1)
OCS-A 0545,Southeast,Dec,0.10310644077323512,0.0069954333388630085,0.06784671535940476,17,10774,-2.271993418783061,Avoidance (R < 1)
OCS-A 0546,Southeast,Jan,0.09275375012022931,0.011404175985310423,0.12295110408504342,19,10774,-2.3778071457488474,Avoidance (R < 1)
OCS-A 0546,Southeast,Feb,0.1376772647265972,0.01718443985048093,0.12481683075710578,19,10774,-1.9828429941661123,Avoidance (R < 1)
OCS-A 0546,Southeast,Mar,0.10063148145918975,0.013313318872334142,0.13229775294258433,19,10774,-2.2962901333009818,Avoidance (R < 1)
OCS-A 0546,Southeast,Apr,0.017861433063280904,0.0026867664970555588,0.15042278452891597,19,10774,-4.025111468047199,Avoidance (R < 1)
OCS-A 0546,Southeast,May,0.01161593847801705,0.001568259432372686,0.13500927500094703,19,10774,-4.455377117227681,Avoidance (R < 1)
OCS-A 0546,Southeast,Jun,0,0,0.06351550957238343,19,10774,-Inf,Avoidance (R < 1)
OCS-A 0546,Southeast,Jul,0,0,0.046177750323016784,19,10774,-Inf,Avoidance (R < 1)
OCS-A 0546,Southeast,Aug,0,0,0.005941280994236265,19,10774,-Inf,Avoidance (R < 1)
OCS-A 0546,Southeast,Sep,0,0,0.007117264736332014,19,10774,-Inf,Avoidance (R < 1)
OCS-A 0546,Southeast,Oct,0.0608141012150103,0.0011531448261322158,0.01896180002817494,19,10774,-2.7999335890226695,Avoidance (R < 1)
OCS-A 0546,Southeast,Nov,0.021099819491639592,0.0010065737235555915,0.04770532392253059,19,10774,-3.858490793435307,Avoidance (R < 1)
OCS-A 0546,Southeast,Dec,0.07786058234000227,0.005282584767739631,0.06784671535940476,19,10774,-2.5528354575059082,Avoidance (R < 1)
OCS-A 0549,Mid-Atlantic,Jan,0.9726557187673742,0.06637038613359134,0.06823625755030886,30,17449,-0.02772509418188031,Avoidance (R < 1)
OCS-A 0549,Mid-Atlantic,Feb,1.0639737539643794,0.07063765799005826,0.06639041398047787,30,17449,0.062010723288498076,Selection (R > 1)
OCS-A 0549,Mid-Atlantic,Mar,0.8443560307222094,0.05744154900312424,0.0680300097507355,30,17449,-0.16918103598595127,Avoidance (R < 1)
OCS-A 0549,Mid-Atlantic,Apr,0.5473483386392349,0.042206002647678056,0.07710994931053702,30,17449,-0.6026698627166468,Avoidance (R < 1)
OCS-A 0549,Mid-Atlantic,May,0.12242500604523365,0.009679654162998002,0.07906598885052583,30,17449,-2.100256632014679,Avoidance (R < 1)
OCS-A 0549,Mid-Atlantic,Jun,0.07494133673965149,0.0028348856527979174,0.03782806360455508,30,17449,-2.591049648310356,Avoidance (R < 1)
OCS-A 0549,Mid-Atlantic,Jul,0.050846019142971564,0.001421213378974547,0.02795132053461851,30,17449,-2.9789534458260105,Avoidance (R < 1)
OCS-A 0549,Mid-Atlantic,Aug,0.3696299416030796,0.0011650812404695899,0.0031520207357029835,30,17449,-0.995252931664965,Avoidance (R < 1)
OCS-A 0549,Mid-Atlantic,Sep,0.47098013425806773,0.001676270462727795,0.003559110758181795,30,17449,-0.7529393636512621,Avoidance (R < 1)
OCS-A 0549,Mid-Atlantic,Oct,0.30667500853307605,0.003396340770026048,0.011074722998368286,30,17449,-1.1819666962388298,Avoidance (R < 1)
OCS-A 0549,Mid-Atlantic,Nov,0.4047316883903044,0.011160267982631922,0.027574485276945945,30,17449,-0.9045309292259565,Avoidance (R < 1)
OCS-A 0549,Mid-Atlantic,Dec,1.0268979843202761,0.04103804640471935,0.03996311905498893,30,17449,0.02654259234188817,Selection (R > 1)
OCS-A 0559,Mid-Atlantic,Jan,0.44386383257523093,0.03028760679687063,0.06823625755030886,18,17449,-0.8122374469759996,Avoidance (R < 1)
OCS-A 0559,Mid-Atlantic,Feb,0.7161579640682373,0.047546023709906474,0.06639041398047787,18,17449,-0.33385451614751516,Avoidance (R < 1)
OCS-A 0559,Mid-Atlantic,Mar,0.6926888631924912,0.047123630117211074,0.0680300097507355,18,17449,-0.36717435147203464,Avoidance (R < 1)
OCS-A 0559,Mid-Atlantic,Apr,0.32922970808612395,0.02538688610204392,0.07710994931053702,18,17449,-1.1109995709759202,Avoidance (R < 1)
OCS-A 0559,Mid-Atlantic,May,0.07641290425936072,0.006041661836206913,0.07906598885052583,18,17449,-2.571603693153989,Avoidance (R < 1)
OCS-A 0559,Mid-Atlantic,Jun,0.05490907138155677,0.0020771038446885846,0.03782806360455508,18,17449,-2.9020767094796556,Avoidance (R < 1)
OCS-A 0559,Mid-Atlantic,Jul,0.03929705499606549,0.0010984045802615583,0.02795132053461851,18,17449,-3.2366056994016836,Avoidance (R < 1)
OCS-A 0559,Mid-Atlantic,Aug,0.36870226577750714,0.001162157187031375,0.0031520207357029835,18,17449,-0.9977658284462823,Avoidance (R < 1)
OCS-A 0559,Mid-Atlantic,Sep,0.4379262834428082,0.0015586281466918688,0.003559110758181795,18,17449,-0.8257046854121602,Avoidance (R < 1)
OCS-A 0559,Mid-Atlantic,Oct,0.22747525427273838,0.0025192254300539694,0.011074722998368286,18,17449,-1.480713818934805,Avoidance (R < 1)
OCS-A 0559,Mid-Atlantic,Nov,0.21425537918260273,0.00590798179877715,0.027574485276945945,18,17449,-1.540586614782772,Avoidance (R < 1)
OCS-A 0559,Mid-Atlantic,Dec,0.3613999383327669,0.01444266876205802,0.03996311905498893,18,17449,-1.0177700714583153,Avoidance (R < 1)
OCS-A 0534,Southern New England,Jan,11.169457054044267,0.45918696622053784,0.041110947828415186,18,19458,2.4131830043835456,Selection (R > 1)
OCS-A 0534,Southern New England,Feb,15.18971200091156,0.5510667330688901,0.03627894544911843,18,19458,2.720618356645952,Selection (R > 1)
OCS-A 0534,Southern New England,Mar,13.423433472974827,0.5602989676925871,0.04174036164596991,18,19458,2.5970019462847467,Selection (R > 1)
OCS-A 0534,Southern New England,Apr,11.456428096661153,0.5960750083128611,0.052029742890507075,18,19458,2.438550978292891,Selection (R > 1)
OCS-A 0534,Southern New England,May,7.29121744283538,0.3829776578479343,0.05252588622552497,18,19458,1.9866705338380082,Selection (R > 1)
OCS-A 0534,Southern New England,Jun,2.256475330340715,0.06246316422604852,0.027681740361246026,18,19458,0.8138040075155241,Selection (R > 1)
OCS-A 0534,Southern New England,Jul,1.2502224894898284,0.02680026527701153,0.021436396723232654,18,19458,0.22332152706744848,Selection (R > 1)
OCS-A 0534,Southern New England,Aug,22.622701585806475,0.023781762768824894,0.0010512344283295331,18,19458,3.118953897057974,Selection (R > 1)
OCS-A 0534,Southern New England,Sep,35.49567735580189,0.03523065574053261,9.925336932547376e-4,18,19458,3.5694109244421575,Selection (R > 1)
OCS-A 0534,Southern New England,Oct,8.614264974088906,0.06591806819455491,0.007652198811254559,18,19458,2.153419547023557,Selection (R > 1)
OCS-A 0534,Southern New England,Nov,4.040373541604488,0.07987265588922633,0.019768631555167494,18,19458,1.396337148492013,Selection (R > 1)
OCS-A 0534,Southern New England,Dec,10.649430702118046,0.22550036551223862,0.02117487514777567,18,19458,2.3655064355264703,Selection (R > 1)
OCS-A 0561,Southern New England,Jan,3.5361820517141327,0.14537579583979787,0.041110947828415186,21,19458,1.2630476286633516,Selection (R > 1)
OCS-A 0561,Southern New England,Feb,5.1687650113825905,0.187517343887261,0.03627894544911843,21,19458,1.6426337840434637,Selection (R > 1)
OCS-A 0561,Southern New England,Mar,4.555266367947186,0.1901384655918394,0.04174036164596991,21,19458,1.5162840071464196,Selection (R > 1)
OCS-A 0561,Southern New England,Apr,4.39306036636843,0.2285698013646262,0.052029742890507075,21,19458,1.48002610638988,Selection (R > 1)
OCS-A 0561,Southern New England,May,2.6593736425953387,0.13968595738212267,0.05252588622552497,21,19458,0.9780906223570373,Selection (R > 1)
OCS-A 0561,Southern New England,Jun,0.8385082958387216,0.023211368936158362,0.027681740361246026,21,19458,-0.1761308041020772,Avoidance (R < 1)
OCS-A 0561,Southern New England,Jul,0.42201554902454735,0.009046492732263036,0.021436396723232654,21,19458,-0.8627131195951905,Avoidance (R < 1)
OCS-A 0561,Southern New England,Aug,8.573108275739381,0.009012346577254079,0.0010512344283295331,21,19458,2.1486303594709844,Selection (R > 1)
OCS-A 0561,Southern New England,Sep,14.126310809654907,0.014020839439971107,9.925336932547376e-4,21,19458,2.6480390734103207,Selection (R > 1)
OCS-A 0561,Southern New England,Oct,3.0436662386144198,0.023290739172980898,0.007652198811254559,21,19458,1.1130627883290514,Selection (R > 1)
OCS-A 0561,Southern New England,Nov,1.2744229287101354,0.025193597323128154,0.019768631555167494,21,19458,0.2424934712206335,Selection (R > 1)
OCS-A 0561,Southern New England,Dec,2.997711696434707,0.06347617090103172,0.02117487514777567,21,19458,1.097849229757597,Selection (R > 1)
OCS-A 0553,Gulf of Maine,Jan,3.8402676380951766,0.22280203054348627,0.058017318463251435,6,16808,1.345542061591502,Selection (R > 1)
OCS-A 0553,Gulf of Maine,Feb,0.5260428052658488,0.03775552039345106,0.07177271510133167,6,16808,-0.6423726907230926,Avoidance (R < 1)
OCS-A 0553,Gulf of Maine,Mar,0.019572479873796858,0.001274922377585123,0.06513852030022813,6,16808,-3.933630787472586,Avoidance (R < 1)
OCS-A 0553,Gulf of Maine,Apr,0.03278546712324328,0.0018053300057848294,0.05506494688632755,6,16808,-3.4177699372898727,Avoidance (R < 1)
OCS-A 0553,Gulf of Maine,May,1.9631483729830828,0.06253259380658467,0.031853218364521214,6,16808,0.6745494972484725,Selection (R > 1)
OCS-A 0553,Gulf of Maine,Jun,3.7806856892720693,0.04086740377048651,0.010809521639540232,6,16808,1.3299053924589619,Selection (R > 1)
OCS-A 0553,Gulf of Maine,Jul,6.314061486241851,0.04060280447204908,0.0064305367568119765,6,16808,1.8427791281691344,Selection (R > 1)
OCS-A 0553,Gulf of Maine,Aug,1.1609160099193003,0.0037271918651337423,0.0032105611717705863,6,16808,0.14920935722144932,Selection (R > 1)
OCS-A 0553,Gulf of Maine,Sep,0.4115264795940808,0.0017670088758071263,0.004293791440954319,6,16808,-0.8878819119825089,Avoidance (R < 1)
OCS-A 0553,Gulf of Maine,Oct,19.915694107528406,0.13960516328612962,0.007009806564229009,6,16808,2.9915080695300498,Selection (R > 1)
OCS-A 0553,Gulf of Maine,Nov,22.81286870780678,0.29500826199849445,0.01293166001071754,6,16808,3.1273247937460935,Selection (R > 1)
OCS-A 0553,Gulf of Maine,Dec,2.789617073718072,0.09964951624472936,0.035721575259759206,6,16808,1.025904336850276,Selection (R > 1)
OCS-A 0508,Mid-Atlantic,Jan,0.18469623360816428,0.01260297976505871,0.06823625755030886,26,17449,-1.6890427839276643,Avoidance (R < 1)
OCS-A 0508,Mid-Atlantic,Feb,0.3410304650614242,0.02264115375538285,0.06639041398047787,26,17449,-1.0757834653331495,Avoidance (R < 1)
OCS-A 0508,Mid-Atlantic,Mar,0.3700742701201033,0.02517615620476695,0.0680300097507355,26,17449,-0.9940515634331155,Avoidance (R < 1)
OCS-A 0508,Mid-Atlantic,Apr,0.14976285591291927,0.011548206228046464,0.07710994931053702,26,17449,-1.898702196503332,Avoidance (R < 1)
OCS-A 0508,Mid-Atlantic,May,0.04545962464241139,0.0035943101751259887,0.07906598885052583,26,17449,-3.0909307174679523,Avoidance (R < 1)
OCS-A 0508,Mid-Atlantic,Jun,0.03467277073896795,0.001311603776859836,0.03782806360455508,26,17449,-3.3618006050002727,Avoidance (R < 1)
OCS-A 0508,Mid-Atlantic,Jul,0.024225268791233667,6.771282530210626e-4,0.02795132053461851,26,17449,-3.720359025653502,Avoidance (R < 1)
OCS-A 0508,Mid-Atlantic,Aug,0.21593064750531843,6.806178784105354e-4,0.0031520207357029835,26,17449,-1.5327979992182903,Avoidance (R < 1)
OCS-A 0508,Mid-Atlantic,Sep,0.26532559247753856,9.443231706077663e-4,0.003559110758181795,26,17449,-1.326797556311064,Avoidance (R < 1)
OCS-A 0508,Mid-Atlantic,Oct,0.13965680410226064,0.0015466604202699203,0.011074722998368286,26,17449,-1.9685672652410804,Avoidance (R < 1)
OCS-A 0508,Mid-Atlantic,Nov,0.12964327739340972,0.003574846643739595,0.027574485276945945,26,17449,-2.04296862030164,Avoidance (R < 1)
OCS-A 0508,Mid-Atlantic,Dec,0.19323521684128242,0.007722281976244771,0.03996311905498893,26,17449,-1.6438470920278496,Avoidance (R < 1)
OCS-A 0564,Gulf of Maine,Jan,0.3759651969761379,0.02181249256406365,0.058017318463251435,29,16808,-0.9782587011099737,Avoidance (R < 1)
OCS-A 0564,Gulf of Maine,Feb,0.424156819780689,0.03044288658440627,0.07177271510133167,29,16808,-0.8576520341574563,Avoidance (R < 1)
OCS-A 0564,Gulf of Maine,Mar,0.7829698319337066,0.05100149629187995,0.06513852030022813,29,16808,-0.24466111255388606,Avoidance (R < 1)
OCS-A 0564,Gulf of Maine,Apr,1.4025842732723008,0.07723322851133757,0.05506494688632755,29,16808,0.33831644450419773,Selection (R > 1)
OCS-A 0564,Gulf of Maine,May,13.56247707767115,0.4320085439188727,0.031853218364521214,29,16808,2.6073069411736207,Selection (R > 1)
OCS-A 0564,Gulf of Maine,Jun,16.15540214199427,0.17463216904936166,0.010809521639540232,29,16808,2.782254491692998,Selection (R > 1)
OCS-A 0564,Gulf of Maine,Jul,23.267224899566635,0.1496207449456741,0.0064305367568119765,29,16808,3.1470457136304444,Selection (R > 1)
OCS-A 0564,Gulf of Maine,Aug,0.07945809001159473,2.551050585742783e-4,0.0032105611717705863,29,16808,-2.5325255659901083,Avoidance (R < 1)
OCS-A 0564,Gulf of Maine,Sep,0.0327015507971849,1.404136389188854e-4,0.004293791440954319,29,16808,-3.420332777213095,Avoidance (R < 1)
OCS-A 0564,Gulf of Maine,Oct,0.36287416049543114,0.0025436776722299642,0.007009806564229009,29,16808,-1.0136991701214353,Avoidance (R < 1)
OCS-A 0564,Gulf of Maine,Nov,1.9195012150589135,0.024822337103301083,0.01293166001071754,29,16808,0.652065368466545,Selection (R > 1)
OCS-A 0564,Gulf of Maine,Dec,0.4982867218562085,0.017799586635725253,0.035721575259759206,29,16808,-0.6965796209368116,Avoidance (R < 1)
OCS-A 0568,Gulf of Maine,Jan,0.14950300294377433,0.008673763333001372,0.058017318463251435,33,16808,-1.9004387997726984,Avoidance (R < 1)
OCS-A 0568,Gulf of Maine,Feb,0.087247906143363,0.006262019110815318,0.07177271510133167,33,16808,-2.439001716544437,Avoidance (R < 1)
OCS-A 0568,Gulf of Maine,Mar,1.5428063418580715,0.10049612221844269,0.06513852030022813,33,16808,0.43360305795929704,Selection (R > 1)
OCS-A 0568,Gulf of Maine,Apr,4.084089396699687,0.22489016570828177,0.05506494688632755,33,16808,1.4070987895583635,Selection (R > 1)
OCS-A 0568,Gulf of Maine,May,19.84653101722062,0.6321758862697717,0.031853218364521214,33,16808,2.9880292320231674,Selection (R > 1)
OCS-A 0568,Gulf of Maine,Jun,36.037878874716654,0.38955223153937946,0.010809521639540232,33,16808,3.584570576255538,Selection (R > 1)
OCS-A 0568,Gulf of Maine,Jul,36.45542544484259,0.23442795330827887,0.0064305367568119765,33,16808,3.596090293601558,Selection (R > 1)
OCS-A 0568,Gulf of Maine,Aug,0.8260551369490874,0.002652100548430374,0.0032105611717705863,33,16808,-0.1910937559346151,Avoidance (R < 1)
OCS-A 0568,Gulf of Maine,Sep,0.3606403475860301,0.0015485144377276865,0.004293791440954319,33,16808,-1.019874084327868,Avoidance (R < 1)
OCS-A 0568,Gulf of Maine,Oct,0.19587627274705038,0.0013730547824789855,0.007009806564229009,33,16808,-1.6302720805756885,Avoidance (R < 1)
OCS-A 0568,Gulf of Maine,Nov,0.5531770188854144,0.007153497133968454,0.01293166001071754,33,16808,-0.5920772221993814,Avoidance (R < 1)
OCS-A 0568,Gulf of Maine,Dec,0.21952829167580662,0.007841896392743696,0.035721575259759206,33,16808,-1.5162741633111683,Avoidance (R < 1)
OCS-A 0562,Gulf of Maine,Jan,9.23141324437631,0.5355818420648575,0.058017318463251435,30,16808,2.2226121510275925,Selection (R > 1)
OCS-A 0562,Gulf of Maine,Feb,1.0228631017777168,0.07341366199155648,0.07177271510133167,30,16808,0.022605657660608895,Selection (R > 1)
OCS-A 0562,Gulf of Maine,Mar,0.0016520265390749804,1.0761056425205122e-4,0.06513852030022813,30,16808,-6.405752539197025,Avoidance (R < 1)
OCS-A 0562,Gulf of Maine,Apr,0.0030462309336728986,1.6774054456618613e-4,0.05506494688632755,30,16808,-5.7938502119946635,Avoidance (R < 1)
OCS-A 0562,Gulf of Maine,May,2.632797173619026,0.08386306328078111,0.031853218364521214,30,16808,0.9680468451197631,Selection (R > 1)
OCS-A 0562,Gulf of Maine,Jun,7.131057356205061,0.07708331880470116,0.010809521639540232,30,16808,1.9644595202342745,Selection (R > 1)
OCS-A 0562,Gulf of Maine,Jul,13.214122511128423,0.0849739005168279,0.0064305367568119765,30,16808,2.5812861448775974,Selection (R > 1)
OCS-A 0562,Gulf of Maine,Aug,0.28385859875443087,9.113453954341822e-4,0.0032105611717705863,30,16808,-1.259279056519916,Avoidance (R < 1)
OCS-A 0562,Gulf of Maine,Sep,0.10319618272623232,4.4310288612905426e-4,0.004293791440954319,30,16808,-2.271123415705684,Avoidance (R < 1)
OCS-A 0562,Gulf of Maine,Oct,19.618160583370475,0.13751951083540917,0.007009806564229009,30,16808,2.976455697620422,Selection (R > 1)
OCS-A 0562,Gulf of Maine,Nov,36.502161824318584,0.47203354636828104,0.01293166001071754,30,16808,3.597371486898056,Selection (R > 1)
OCS-A 0562,Gulf of Maine,Dec,6.727333824370576,0.24031096150477727,0.035721575259759206,30,16808,1.9061789023655897,Selection (R > 1)
OCS-A 0567,Gulf of Maine,Jan,0.5279682048031996,0.030631299476538386,0.058017318463251435,35,16808,-0.638719215264821,Avoidance (R < 1)
OCS-A 0567,Gulf of Maine,Feb,0.39751948592893377,0.028531052810805185,0.07177271510133167,35,16808,-0.9225113248843856,Avoidance (R < 1)
OCS-A 0567,Gulf of Maine,Mar,2.214628550419368,0.1442576267889568,0.06513852030022813,35,16808,0.7950846921067308,Selection (R > 1)
OCS-A 0567,Gulf of Maine,Apr,5.720465105805864,0.31499710721629004,0.05506494688632755,35,16808,1.744050114289871,Selection (R > 1)
OCS-A 0567,Gulf of Maine,May,11.981373370004885,0.381645302261625,0.031853218364521214,35,16808,2.483353224681487,Selection (R > 1)
OCS-A 0567,Gulf of Maine,Jun,13.9128574090445,0.15039133323090417,0.010809521639540232,35,16808,2.632813406050267,Selection (R > 1)
OCS-A 0567,Gulf of Maine,Jul,15.486010097262525,0.09958335714680808,0.0064305367568119765,35,16808,2.739937041989537,Selection (R > 1)
OCS-A 0567,Gulf of Maine,Aug,1.2826560478115798,0.004118045703840575,0.0032105611717705863,35,16808,0.24893296536790566,Selection (R > 1)
OCS-A 0567,Gulf of Maine,Sep,0.5676805291714485,0.0024375017973527844,0.004293791440954319,35,16808,-0.566196467136374,Avoidance (R < 1)
OCS-A 0567,Gulf of Maine,Oct,0.5123608634744654,0.0035915505440373505,0.007009806564229009,35,16808,-0.6687260907320252,Avoidance (R < 1)
OCS-A 0567,Gulf of Maine,Nov,1.695611363241162,0.02192706965974399,0.01293166001071754,35,16808,0.5280433620787266,Selection (R > 1)
OCS-A 0567,Gulf of Maine,Dec,0.6800240030034812,0.024291528601731574,0.035721575259759206,35,16808,-0.3856271829004321,Avoidance (R < 1)
OCS-A 0557,Mid-Atlantic,Jan,1.4367735720132413,0.09804005150137277,0.06823625755030886,29,17449,0.36240002475328753,Selection (R > 1)
OCS-A 0557,Mid-Atlantic,Feb,1.8383590209784895,0.12204941644750793,0.06639041398047787,29,17449,0.6088733372734505,Selection (R > 1)
OCS-A 0557,Mid-Atlantic,Mar,1.9332027620340815,0.13151580275132738,0.0680300097507355,29,17449,0.6591780897246229,Selection (R > 1)
OCS-A 0557,Mid-Atlantic,Apr,1.2622658391161603,0.0973332548706696,0.07710994931053702,29,17449,0.23290839099755667,Selection (R > 1)
OCS-A 0557,Mid-Atlantic,May,0.2562454632065118,0.020260300936883892,0.07906598885052583,29,17449,-1.3616194532462005,Avoidance (R < 1)
OCS-A 0557,Mid-Atlantic,Jun,0.15868601791679135,0.00600278477890995,0.03782806360455508,29,17449,-1.8408277591950957,Avoidance (R < 1)
OCS-A 0557,Mid-Atlantic,Jul,0.08147722072661011,0.002277395912799342,0.02795132053461851,29,17449,-2.5074317980897973,Avoidance (R < 1)
OCS-A 0557,Mid-Atlantic,Aug,0.7115991747913788,0.002242975354451558,0.0031520207357029835,29,17449,-0.34024048284349195,Avoidance (R < 1)
OCS-A 0557,Mid-Atlantic,Sep,1.1040523658660555,0.003929444652949941,0.003559110758181795,29,17449,0.09898737957968946,Selection (R > 1)
OCS-A 0557,Mid-Atlantic,Oct,0.7321429681083089,0.008108280567002708,0.011074722998368286,29,17449,-0.31177947246828464,Avoidance (R < 1)
OCS-A 0557,Mid-Atlantic,Nov,0.6175461953209209,0.01702851847071072,0.027574485276945945,29,17449,-0.4820014030418418,Avoidance (R < 1)
OCS-A 0557,Mid-Atlantic,Dec,1.1090789086122117,0.044322252466247,0.03996311905498893,29,17449,0.10352985877855904,Selection (R > 1)
OCS-A 0558,Mid-Atlantic,Jan,0.7631908779415045,0.05207728930726284,0.06823625755030886,41,17449,-0.27024711130221524,Avoidance (R < 1)
OCS-A 0558,Mid-Atlantic,Feb,1.3155051193874954,0.08733692946957379,0.06639041398047787,41,17449,0.2742207130812846,Selection (R > 1)
OCS-A 0558,Mid-Atlantic,Mar,1.435157703188244,0.09763379254173941,0.0680300097507355,41,17449,0.3612747408654316,Selection (R > 1)
OCS-A 0558,Mid-Atlantic,Apr,0.7383381175696249,0.056933214819831095,0.07710994931053702,41,17449,-0.30335340541373146,Avoidance (R < 1)
OCS-A 0558,Mid-Atlantic,May,0.16385340496193193,0.012955231489840804,0.07906598885052583,41,17449,-1.8087831230832505,Avoidance (R < 1)
OCS-A 0558,Mid-Atlantic,Jun,0.12045386944414625,0.004556536634747938,0.03782806360455508,41,17449,-2.116488425537738,Avoidance (R < 1)
OCS-A 0558,Mid-Atlantic,Jul,0.0786877163595843,0.0021994255821038856,0.02795132053461851,41,17449,-2.542268217575832,Avoidance (R < 1)
OCS-A 0558,Mid-Atlantic,Aug,0.7282388461526412,0.00229542394361754,0.0031520207357029835,41,17449,-0.31712619921918156,Avoidance (R < 1)
OCS-A 0558,Mid-Atlantic,Sep,0.9318693378470794,0.0033166261855512857,0.003559110758181795,41,17449,-0.07056266956789348,Avoidance (R < 1)
OCS-A 0558,Mid-Atlantic,Oct,0.5085778260297207,0.005632358546391493,0.011074722998368286,41,17449,-0.6761370249985699,Avoidance (R < 1)
OCS-A 0558,Mid-Atlantic,Nov,0.45686453812946287,0.012597804480209583,0.027574485276945945,41,17449,-0.7833683474993163,Avoidance (R < 1)
OCS-A 0558,Mid-Atlantic,Dec,0.6879550237729252,0.027492828519515147,0.03996311905498893,41,17449,-0.3740318156087373,Avoidance (R < 1)
OCS-A 0499,Mid-Atlantic,Jan,1.0770310714742628,0.07349256958280291,0.06823625755030886,21,17449,0.07420824778062575,Selection (R > 1)
OCS-A 0499,Mid-Atlantic,Feb,1.1875585622054594,0.07884250457088153,0.06639041398047787,21,17449,0.1718995712521274,Selection (R > 1)
OCS-A 0499,Mid-Atlantic,Mar,0.9088712670866355,0.061830521162067144,0.0680300097507355,21,17449,-0.09555181520050691,Avoidance (R < 1)
OCS-A 0499,Mid-Atlantic,Apr,0.5839187572646183,0.04502594577414649,0.07710994931053702,21,17449,-0.5379934201041119,Avoidance (R < 1)
OCS-A 0499,Mid-Atlantic,May,0.12694334449950836,0.010036901060846589,0.07906598885052583,21,17449,-2.0640143983616497,Avoidance (R < 1)
OCS-A 0499,Mid-Atlantic,Jun,0.07719085812073917,0.0029199806906815085,0.03782806360455508,21,17449,-2.5614742470885266,Avoidance (R < 1)
OCS-A 0499,Mid-Atlantic,Jul,0.046862488464794023,0.0013098684361293202,0.02795132053461851,21,17449,-3.0605377430701712,Avoidance (R < 1)
OCS-A 0499,Mid-Atlantic,Aug,0.3478255752020786,0.001096353425444769,0.0031520207357029835,21,17449,-1.0560541455444201,Avoidance (R < 1)
OCS-A 0499,Mid-Atlantic,Sep,0.509728424875221,0.00181417992072446,0.003559110758181795,21,17449,-0.673877195337037,Avoidance (R < 1)
OCS-A 0499,Mid-Atlantic,Oct,0.35407233988223863,0.0039212530855799,0.011074722998368286,21,17449,-1.038254036775143,Avoidance (R < 1)
OCS-A 0499,Mid-Atlantic,Nov,0.41003544328790986,0.011306516293968474,0.027574485276945945,21,17449,-0.8915116759764313,Avoidance (R < 1)
OCS-A 0499,Mid-Atlantic,Dec,1.128539456257986,0.04509995664869036,0.03996311905498893,21,17449,0.12092428011837629,Selection (R > 1)
OCS-A 0570,Mid-Atlantic,Jan,0.7628285653644021,0.052052566452937966,0.06823625755030886,17,17449,-0.27072195791770176,Avoidance (R < 1)
OCS-A 0570,Mid-Atlantic,Feb,0.9678269228262965,0.06425443006788983,0.06639041398047787,17,17449,-0.03270200642512394,Avoidance (R < 1)
OCS-A 0570,Mid-Atlantic,Mar,0.8892825440427797,0.060497900142389184,0.0680300097507355,17,17449,-0.11734027164271034,Avoidance (R < 1)
OCS-A 0570,Mid-Atlantic,Apr,0.6307455201198536,0.048636755084290224,0.07710994931053702,17,17449,-0.46085279395174367,Avoidance (R < 1)
OCS-A 0570,Mid-Atlantic,May,0.13740234809896706,0.010863852522828999,0.07906598885052583,17,17449,-1.9848418098277791,Avoidance (R < 1)
OCS-A 0570,Mid-Atlantic,Jun,0.07579206135670663,0.0028670669177218396,0.03782806360455508,17,17449,-2.5797617232603964,Avoidance (R < 1)
OCS-A 0570,Mid-Atlantic,Jul,0.04675048483658908,0.0013067377868163236,0.02795132053461851,17,17449,-3.062930652465088,Avoidance (R < 1)
OCS-A 0570,Mid-Atlantic,Aug,0.36927272886951024,0.001163955298526322,0.0031520207357029835,17,17449,-0.9962198053160485,Avoidance (R < 1)
OCS-A 0570,Mid-Atlantic,Sep,0.4961465284888163,0.0017658404471790966,0.003559110758181795,17,17449,-0.7008839755448507,Avoidance (R < 1)
OCS-A 0570,Mid-Atlantic,Oct,0.3156723932586273,0.0034959843135712776,0.011074722998368286,17,17449,-1.1530503333659083,Avoidance (R < 1)
OCS-A 0570,Mid-Atlantic,Nov,0.27991851465745987,0.0077186089611667045,0.027574485276945945,17,17449,-1.273256737247658,Avoidance (R < 1)
OCS-A 0570,Mid-Atlantic,Dec,0.8919685181999866,0.03564584408612812,0.03996311905498893,17,17449,-0.11432444052273072,Avoidance (R < 1)
